[2025-12-21 04:05:44] local.ERROR: SQLSTATE[42S01]: Base table or view already exists: 1050 Table 'tasks' already exists (Connection: mysql, SQL: create table `tasks` (`id` bigint unsigned not null auto_increment primary key, `title` varchar(255) not null, `completed` tinyint(1) not null default '0', `created_at` timestamp null, `updated_at` timestamp null) default character set utf8mb4 collate 'utf8mb4_unicode_ci') {"exception":"[object] (Illuminate\\Database\\QueryException(code: 42S01): SQLSTATE[42S01]: Base table or view already exists: 1050 Table 'tasks' already exists (Connection: mysql, SQL: create table `tasks` (`id` bigint unsigned not null auto_increment primary key, `title` varchar(255) not null, `completed` tinyint(1) not null default '0', `created_at` timestamp null, `updated_at` timestamp null) default character set utf8mb4 collate 'utf8mb4_unicode_ci') at C:\\Users\\Приятный\\Desktop\\project\\unik\\web\\PHP_BAZA\\laravel\\vendor\\laravel\\framework\\src\\Illuminate\\Database\\Connection.php:826)
[stacktrace]
#0 C:\\Users\\Приятный\\Desktop\\project\\unik\\web\\PHP_BAZA\\laravel\\vendor\\laravel\\framework\\src\\Illuminate\\Database\\Connection.php(780): Illuminate\\Database\\Connection->runQueryCallback('create table `t...', Array, Object(Closure))
#1 C:\\Users\\Приятный\\Desktop\\project\\unik\\web\\PHP_BAZA\\laravel\\vendor\\laravel\\framework\\src\\Illuminate\\Database\\Connection.php(559): Illuminate\\Database\\Connection->run('create table `t...', Array, Object(Closure))
#2 C:\\Users\\Приятный\\Desktop\\project\\unik\\web\\PHP_BAZA\\laravel\\vendor\\laravel\\framework\\src\\Illuminate\\Database\\Schema\\Blueprint.php(121): Illuminate\\Database\\Connection->statement('create table `t...')
#3 C:\\Users\\Приятный\\Desktop\\project\\unik\\web\\PHP_BAZA\\laravel\\vendor\\laravel\\framework\\src\\Illuminate\\Database\\Schema\\Builder.php(650): Illuminate\\Database\\Schema\\Blueprint->build()
#4 C:\\Users\\Приятный\\Desktop\\project\\unik\\web\\PHP_BAZA\\laravel\\vendor\\laravel\\framework\\src\\Illuminate\\Database\\Schema\\Builder.php(504): Illuminate\\Database\\Schema\\Builder->build(Object(Illuminate\\Database\\Schema\\Blueprint))
#5 C:\\Users\\Приятный\\Desktop\\project\\unik\\web\\PHP_BAZA\\laravel\\vendor\\laravel\\framework\\src\\Illuminate\\Support\\Facades\\Facade.php(363): Illuminate\\Database\\Schema\\Builder->create('tasks', Object(Closure))
#6 C:\\Users\\Приятный\\Desktop\\project\\unik\\web\\PHP_BAZA\\laravel\\database\\migrations\\2025_12_21_033735_create_tasks_table.php(14): Illuminate\\Support\\Facades\\Facade::__callStatic('create', Array)
#7 C:\\Users\\Приятный\\Desktop\\project\\unik\\web\\PHP_BAZA\\laravel\\vendor\\laravel\\framework\\src\\Illuminate\\Database\\Migrations\\Migrator.php(514): Illuminate\\Database\\Migrations\\Migration@anonymous->up()
#8 C:\\Users\\Приятный\\Desktop\\project\\unik\\web\\PHP_BAZA\\laravel\\vendor\\laravel\\framework\\src\\Illuminate\\Database\\Migrations\\Migrator.php(439): Illuminate\\Database\\Migrations\\Migrator->runMethod(Object(Illuminate\\Database\\MySqlConnection), Object(Illuminate\\Database\\Migrations\\Migration@anonymous), 'up')
#9 C:\\Users\\Приятный\\Desktop\\project\\unik\\web\\PHP_BAZA\\laravel\\vendor\\laravel\\framework\\src\\Illuminate\\Database\\Migrations\\Migrator.php(448): Illuminate\\Database\\Migrations\\Migrator->{closure:Illuminate\\Database\\Migrations\\Migrator::runMigration():435}()
#10 C:\\Users\\Приятный\\Desktop\\project\\unik\\web\\PHP_BAZA\\laravel\\vendor\\laravel\\framework\\src\\Illuminate\\Database\\Migrations\\Migrator.php(250): Illuminate\\Database\\Migrations\\Migrator->runMigration(Object(Illuminate\\Database\\Migrations\\Migration@anonymous), 'up')
#11 C:\\Users\\Приятный\\Desktop\\project\\unik\\web\\PHP_BAZA\\laravel\\vendor\\laravel\\framework\\src\\Illuminate\\Console\\View\\Components\\Task.php(41): Illuminate\\Database\\Migrations\\Migrator->{closure:Illuminate\\Database\\Migrations\\Migrator::runUp():250}()
#12 C:\\Users\\Приятный\\Desktop\\project\\unik\\web\\PHP_BAZA\\laravel\\vendor\\laravel\\framework\\src\\Illuminate\\Database\\Migrations\\Migrator.php(809): Illuminate\\Console\\View\\Components\\Task->render('2025_12_21_0337...', Object(Closure))
#13 C:\\Users\\Приятный\\Desktop\\project\\unik\\web\\PHP_BAZA\\laravel\\vendor\\laravel\\framework\\src\\Illuminate\\Database\\Migrations\\Migrator.php(250): Illuminate\\Database\\Migrations\\Migrator->write('Illuminate\\\\Cons...', '2025_12_21_0337...', Object(Closure))
#14 C:\\Users\\Приятный\\Desktop\\project\\unik\\web\\PHP_BAZA\\laravel\\vendor\\laravel\\framework\\src\\Illuminate\\Database\\Migrations\\Migrator.php(210): Illuminate\\Database\\Migrations\\Migrator->runUp('C:\\\\Users\\\\\\xD0\\x9F\\xD1\\x80\\xD0\\xB8...', 1, false)
#15 C:\\Users\\Приятный\\Desktop\\project\\unik\\web\\PHP_BAZA\\laravel\\vendor\\laravel\\framework\\src\\Illuminate\\Database\\Migrations\\Migrator.php(137): Illuminate\\Database\\Migrations\\Migrator->runPending(Array, Array)
#16 C:\\Users\\Приятный\\Desktop\\project\\unik\\web\\PHP_BAZA\\laravel\\vendor\\laravel\\framework\\src\\Illuminate\\Database\\Console\\Migrations\\MigrateCommand.php(116): Illuminate\\Database\\Migrations\\Migrator->run(Array, Array)
#17 C:\\Users\\Приятный\\Desktop\\project\\unik\\web\\PHP_BAZA\\laravel\\vendor\\laravel\\framework\\src\\Illuminate\\Database\\Migrations\\Migrator.php(666): Illuminate\\Database\\Console\\Migrations\\MigrateCommand->{closure:Illuminate\\Database\\Console\\Migrations\\MigrateCommand::runMigrations():109}()
#18 C:\\Users\\Приятный\\Desktop\\project\\unik\\web\\PHP_BAZA\\laravel\\vendor\\laravel\\framework\\src\\Illuminate\\Database\\Console\\Migrations\\MigrateCommand.php(109): Illuminate\\Database\\Migrations\\Migrator->usingConnection(NULL, Object(Closure))
#19 C:\\Users\\Приятный\\Desktop\\project\\unik\\web\\PHP_BAZA\\laravel\\vendor\\laravel\\framework\\src\\Illuminate\\Database\\Console\\Migrations\\MigrateCommand.php(88): Illuminate\\Database\\Console\\Migrations\\MigrateCommand->runMigrations()
#20 C:\\Users\\Приятный\\Desktop\\project\\unik\\web\\PHP_BAZA\\laravel\\vendor\\laravel\\framework\\src\\Illuminate\\Container\\BoundMethod.php(36): Illuminate\\Database\\Console\\Migrations\\MigrateCommand->handle()
#21 C:\\Users\\Приятный\\Desktop\\project\\unik\\web\\PHP_BAZA\\laravel\\vendor\\laravel\\framework\\src\\Illuminate\\Container\\Util.php(43): Illuminate\\Container\\BoundMethod::{closure:Illuminate\\Container\\BoundMethod::call():35}()
#22 C:\\Users\\Приятный\\Desktop\\project\\unik\\web\\PHP_BAZA\\laravel\\vendor\\laravel\\framework\\src\\Illuminate\\Container\\BoundMethod.php(96): Illuminate\\Container\\Util::unwrapIfClosure(Object(Closure))
#23 C:\\Users\\Приятный\\Desktop\\project\\unik\\web\\PHP_BAZA\\laravel\\vendor\\laravel\\framework\\src\\Illuminate\\Container\\BoundMethod.php(35): Illuminate\\Container\\BoundMethod::callBoundMethod(Object(Illuminate\\Foundation\\Application), Array, Object(Closure))
#24 C:\\Users\\Приятный\\Desktop\\project\\unik\\web\\PHP_BAZA\\laravel\\vendor\\laravel\\framework\\src\\Illuminate\\Container\\Container.php(799): Illuminate\\Container\\BoundMethod::call(Object(Illuminate\\Foundation\\Application), Array, Array, NULL)
#25 C:\\Users\\Приятный\\Desktop\\project\\unik\\web\\PHP_BAZA\\laravel\\vendor\\laravel\\framework\\src\\Illuminate\\Console\\Command.php(211): Illuminate\\Container\\Container->call(Array)
#26 C:\\Users\\Приятный\\Desktop\\project\\unik\\web\\PHP_BAZA\\laravel\\vendor\\symfony\\console\\Command\\Command.php(341): Illuminate\\Console\\Command->execute(Object(Symfony\\Component\\Console\\Input\\ArgvInput), Object(Illuminate\\Console\\OutputStyle))
#27 C:\\Users\\Приятный\\Desktop\\project\\unik\\web\\PHP_BAZA\\laravel\\vendor\\laravel\\framework\\src\\Illuminate\\Console\\Command.php(180): Symfony\\Component\\Console\\Command\\Command->run(Object(Symfony\\Component\\Console\\Input\\ArgvInput), Object(Illuminate\\Console\\OutputStyle))
#28 C:\\Users\\Приятный\\Desktop\\project\\unik\\web\\PHP_BAZA\\laravel\\vendor\\symfony\\console\\Application.php(1102): Illuminate\\Console\\Command->run(Object(Symfony\\Component\\Console\\Input\\ArgvInput), Object(Symfony\\Component\\Console\\Output\\ConsoleOutput))
#29 C:\\Users\\Приятный\\Desktop\\project\\unik\\web\\PHP_BAZA\\laravel\\vendor\\symfony\\console\\Application.php(356): Symfony\\Component\\Console\\Application->doRunCommand(Object(Illuminate\\Database\\Console\\Migrations\\MigrateCommand), Object(Symfony\\Component\\Console\\Input\\ArgvInput), Object(Symfony\\Component\\Console\\Output\\ConsoleOutput))
#30 C:\\Users\\Приятный\\Desktop\\project\\unik\\web\\PHP_BAZA\\laravel\\vendor\\symfony\\console\\Application.php(195): Symfony\\Component\\Console\\Application->doRun(Object(Symfony\\Component\\Console\\Input\\ArgvInput), Object(Symfony\\Component\\Console\\Output\\ConsoleOutput))
#31 C:\\Users\\Приятный\\Desktop\\project\\unik\\web\\PHP_BAZA\\laravel\\vendor\\laravel\\framework\\src\\Illuminate\\Foundation\\Console\\Kernel.php(198): Symfony\\Component\\Console\\Application->run(Object(Symfony\\Component\\Console\\Input\\ArgvInput), Object(Symfony\\Component\\Console\\Output\\ConsoleOutput))
#32 C:\\Users\\Приятный\\Desktop\\project\\unik\\web\\PHP_BAZA\\laravel\\vendor\\laravel\\framework\\src\\Illuminate\\Foundation\\Application.php(1235): Illuminate\\Foundation\\Console\\Kernel->handle(Object(Symfony\\Component\\Console\\Input\\ArgvInput), Object(Symfony\\Component\\Console\\Output\\ConsoleOutput))
#33 C:\\Users\\Приятный\\Desktop\\project\\unik\\web\\PHP_BAZA\\laravel\\artisan(16): Illuminate\\Foundation\\Application->handleCommand(Object(Symfony\\Component\\Console\\Input\\ArgvInput))
#34 {main}

[previous exception] [object] (PDOException(code: 42S01): SQLSTATE[42S01]: Base table or view already exists: 1050 Table 'tasks' already exists at C:\\Users\\Приятный\\Desktop\\project\\unik\\web\\PHP_BAZA\\laravel\\vendor\\laravel\\framework\\src\\Illuminate\\Database\\Connection.php:570)
[stacktrace]
#0 C:\\Users\\Приятный\\Desktop\\project\\unik\\web\\PHP_BAZA\\laravel\\vendor\\laravel\\framework\\src\\Illuminate\\Database\\Connection.php(570): PDOStatement->execute()
#1 C:\\Users\\Приятный\\Desktop\\project\\unik\\web\\PHP_BAZA\\laravel\\vendor\\laravel\\framework\\src\\Illuminate\\Database\\Connection.php(813): Illuminate\\Database\\Connection->{closure:Illuminate\\Database\\Connection::statement():559}('create table `t...', Array)
#2 C:\\Users\\Приятный\\Desktop\\project\\unik\\web\\PHP_BAZA\\laravel\\vendor\\laravel\\framework\\src\\Illuminate\\Database\\Connection.php(780): Illuminate\\Database\\Connection->runQueryCallback('create table `t...', Array, Object(Closure))
#3 C:\\Users\\Приятный\\Desktop\\project\\unik\\web\\PHP_BAZA\\laravel\\vendor\\laravel\\framework\\src\\Illuminate\\Database\\Connection.php(559): Illuminate\\Database\\Connection->run('create table `t...', Array, Object(Closure))
#4 C:\\Users\\Приятный\\Desktop\\project\\unik\\web\\PHP_BAZA\\laravel\\vendor\\laravel\\framework\\src\\Illuminate\\Database\\Schema\\Blueprint.php(121): Illuminate\\Database\\Connection->statement('create table `t...')
#5 C:\\Users\\Приятный\\Desktop\\project\\unik\\web\\PHP_BAZA\\laravel\\vendor\\laravel\\framework\\src\\Illuminate\\Database\\Schema\\Builder.php(650): Illuminate\\Database\\Schema\\Blueprint->build()
#6 C:\\Users\\Приятный\\Desktop\\project\\unik\\web\\PHP_BAZA\\laravel\\vendor\\laravel\\framework\\src\\Illuminate\\Database\\Schema\\Builder.php(504): Illuminate\\Database\\Schema\\Builder->build(Object(Illuminate\\Database\\Schema\\Blueprint))
#7 C:\\Users\\Приятный\\Desktop\\project\\unik\\web\\PHP_BAZA\\laravel\\vendor\\laravel\\framework\\src\\Illuminate\\Support\\Facades\\Facade.php(363): Illuminate\\Database\\Schema\\Builder->create('tasks', Object(Closure))
#8 C:\\Users\\Приятный\\Desktop\\project\\unik\\web\\PHP_BAZA\\laravel\\database\\migrations\\2025_12_21_033735_create_tasks_table.php(14): Illuminate\\Support\\Facades\\Facade::__callStatic('create', Array)
#9 C:\\Users\\Приятный\\Desktop\\project\\unik\\web\\PHP_BAZA\\laravel\\vendor\\laravel\\framework\\src\\Illuminate\\Database\\Migrations\\Migrator.php(514): Illuminate\\Database\\Migrations\\Migration@anonymous->up()
#10 C:\\Users\\Приятный\\Desktop\\project\\unik\\web\\PHP_BAZA\\laravel\\vendor\\laravel\\framework\\src\\Illuminate\\Database\\Migrations\\Migrator.php(439): Illuminate\\Database\\Migrations\\Migrator->runMethod(Object(Illuminate\\Database\\MySqlConnection), Object(Illuminate\\Database\\Migrations\\Migration@anonymous), 'up')
#11 C:\\Users\\Приятный\\Desktop\\project\\unik\\web\\PHP_BAZA\\laravel\\vendor\\laravel\\framework\\src\\Illuminate\\Database\\Migrations\\Migrator.php(448): Illuminate\\Database\\Migrations\\Migrator->{closure:Illuminate\\Database\\Migrations\\Migrator::runMigration():435}()
#12 C:\\Users\\Приятный\\Desktop\\project\\unik\\web\\PHP_BAZA\\laravel\\vendor\\laravel\\framework\\src\\Illuminate\\Database\\Migrations\\Migrator.php(250): Illuminate\\Database\\Migrations\\Migrator->runMigration(Object(Illuminate\\Database\\Migrations\\Migration@anonymous), 'up')
#13 C:\\Users\\Приятный\\Desktop\\project\\unik\\web\\PHP_BAZA\\laravel\\vendor\\laravel\\framework\\src\\Illuminate\\Console\\View\\Components\\Task.php(41): Illuminate\\Database\\Migrations\\Migrator->{closure:Illuminate\\Database\\Migrations\\Migrator::runUp():250}()
#14 C:\\Users\\Приятный\\Desktop\\project\\unik\\web\\PHP_BAZA\\laravel\\vendor\\laravel\\framework\\src\\Illuminate\\Database\\Migrations\\Migrator.php(809): Illuminate\\Console\\View\\Components\\Task->render('2025_12_21_0337...', Object(Closure))
#15 C:\\Users\\Приятный\\Desktop\\project\\unik\\web\\PHP_BAZA\\laravel\\vendor\\laravel\\framework\\src\\Illuminate\\Database\\Migrations\\Migrator.php(250): Illuminate\\Database\\Migrations\\Migrator->write('Illuminate\\\\Cons...', '2025_12_21_0337...', Object(Closure))
#16 C:\\Users\\Приятный\\Desktop\\project\\unik\\web\\PHP_BAZA\\laravel\\vendor\\laravel\\framework\\src\\Illuminate\\Database\\Migrations\\Migrator.php(210): Illuminate\\Database\\Migrations\\Migrator->runUp('C:\\\\Users\\\\\\xD0\\x9F\\xD1\\x80\\xD0\\xB8...', 1, false)
#17 C:\\Users\\Приятный\\Desktop\\project\\unik\\web\\PHP_BAZA\\laravel\\vendor\\laravel\\framework\\src\\Illuminate\\Database\\Migrations\\Migrator.php(137): Illuminate\\Database\\Migrations\\Migrator->runPending(Array, Array)
#18 C:\\Users\\Приятный\\Desktop\\project\\unik\\web\\PHP_BAZA\\laravel\\vendor\\laravel\\framework\\src\\Illuminate\\Database\\Console\\Migrations\\MigrateCommand.php(116): Illuminate\\Database\\Migrations\\Migrator->run(Array, Array)
#19 C:\\Users\\Приятный\\Desktop\\project\\unik\\web\\PHP_BAZA\\laravel\\vendor\\laravel\\framework\\src\\Illuminate\\Database\\Migrations\\Migrator.php(666): Illuminate\\Database\\Console\\Migrations\\MigrateCommand->{closure:Illuminate\\Database\\Console\\Migrations\\MigrateCommand::runMigrations():109}()
#20 C:\\Users\\Приятный\\Desktop\\project\\unik\\web\\PHP_BAZA\\laravel\\vendor\\laravel\\framework\\src\\Illuminate\\Database\\Console\\Migrations\\MigrateCommand.php(109): Illuminate\\Database\\Migrations\\Migrator->usingConnection(NULL, Object(Closure))
#21 C:\\Users\\Приятный\\Desktop\\project\\unik\\web\\PHP_BAZA\\laravel\\vendor\\laravel\\framework\\src\\Illuminate\\Database\\Console\\Migrations\\MigrateCommand.php(88): Illuminate\\Database\\Console\\Migrations\\MigrateCommand->runMigrations()
#22 C:\\Users\\Приятный\\Desktop\\project\\unik\\web\\PHP_BAZA\\laravel\\vendor\\laravel\\framework\\src\\Illuminate\\Container\\BoundMethod.php(36): Illuminate\\Database\\Console\\Migrations\\MigrateCommand->handle()
#23 C:\\Users\\Приятный\\Desktop\\project\\unik\\web\\PHP_BAZA\\laravel\\vendor\\laravel\\framework\\src\\Illuminate\\Container\\Util.php(43): Illuminate\\Container\\BoundMethod::{closure:Illuminate\\Container\\BoundMethod::call():35}()
#24 C:\\Users\\Приятный\\Desktop\\project\\unik\\web\\PHP_BAZA\\laravel\\vendor\\laravel\\framework\\src\\Illuminate\\Container\\BoundMethod.php(96): Illuminate\\Container\\Util::unwrapIfClosure(Object(Closure))
#25 C:\\Users\\Приятный\\Desktop\\project\\unik\\web\\PHP_BAZA\\laravel\\vendor\\laravel\\framework\\src\\Illuminate\\Container\\BoundMethod.php(35): Illuminate\\Container\\BoundMethod::callBoundMethod(Object(Illuminate\\Foundation\\Application), Array, Object(Closure))
#26 C:\\Users\\Приятный\\Desktop\\project\\unik\\web\\PHP_BAZA\\laravel\\vendor\\laravel\\framework\\src\\Illuminate\\Container\\Container.php(799): Illuminate\\Container\\BoundMethod::call(Object(Illuminate\\Foundation\\Application), Array, Array, NULL)
#27 C:\\Users\\Приятный\\Desktop\\project\\unik\\web\\PHP_BAZA\\laravel\\vendor\\laravel\\framework\\src\\Illuminate\\Console\\Command.php(211): Illuminate\\Container\\Container->call(Array)
#28 C:\\Users\\Приятный\\Desktop\\project\\unik\\web\\PHP_BAZA\\laravel\\vendor\\symfony\\console\\Command\\Command.php(341): Illuminate\\Console\\Command->execute(Object(Symfony\\Component\\Console\\Input\\ArgvInput), Object(Illuminate\\Console\\OutputStyle))
#29 C:\\Users\\Приятный\\Desktop\\project\\unik\\web\\PHP_BAZA\\laravel\\vendor\\laravel\\framework\\src\\Illuminate\\Console\\Command.php(180): Symfony\\Component\\Console\\Command\\Command->run(Object(Symfony\\Component\\Console\\Input\\ArgvInput), Object(Illuminate\\Console\\OutputStyle))
#30 C:\\Users\\Приятный\\Desktop\\project\\unik\\web\\PHP_BAZA\\laravel\\vendor\\symfony\\console\\Application.php(1102): Illuminate\\Console\\Command->run(Object(Symfony\\Component\\Console\\Input\\ArgvInput), Object(Symfony\\Component\\Console\\Output\\ConsoleOutput))
#31 C:\\Users\\Приятный\\Desktop\\project\\unik\\web\\PHP_BAZA\\laravel\\vendor\\symfony\\console\\Application.php(356): Symfony\\Component\\Console\\Application->doRunCommand(Object(Illuminate\\Database\\Console\\Migrations\\MigrateCommand), Object(Symfony\\Component\\Console\\Input\\ArgvInput), Object(Symfony\\Component\\Console\\Output\\ConsoleOutput))
#32 C:\\Users\\Приятный\\Desktop\\project\\unik\\web\\PHP_BAZA\\laravel\\vendor\\symfony\\console\\Application.php(195): Symfony\\Component\\Console\\Application->doRun(Object(Symfony\\Component\\Console\\Input\\ArgvInput), Object(Symfony\\Component\\Console\\Output\\ConsoleOutput))
#33 C:\\Users\\Приятный\\Desktop\\project\\unik\\web\\PHP_BAZA\\laravel\\vendor\\laravel\\framework\\src\\Illuminate\\Foundation\\Console\\Kernel.php(198): Symfony\\Component\\Console\\Application->run(Object(Symfony\\Component\\Console\\Input\\ArgvInput), Object(Symfony\\Component\\Console\\Output\\ConsoleOutput))
#34 C:\\Users\\Приятный\\Desktop\\project\\unik\\web\\PHP_BAZA\\laravel\\vendor\\laravel\\framework\\src\\Illuminate\\Foundation\\Application.php(1235): Illuminate\\Foundation\\Console\\Kernel->handle(Object(Symfony\\Component\\Console\\Input\\ArgvInput), Object(Symfony\\Component\\Console\\Output\\ConsoleOutput))
#35 C:\\Users\\Приятный\\Desktop\\project\\unik\\web\\PHP_BAZA\\laravel\\artisan(16): Illuminate\\Foundation\\Application->handleCommand(Object(Symfony\\Component\\Console\\Input\\ArgvInput))
#36 {main}
"} 
[2025-12-21 04:06:13] local.ERROR: include(C:\Users\Приятный\Desktop\project\unik\web\PHP_BAZA\laravel\vendor\composer/../../database/seeders/DatabaseSeeder.php): Failed to open stream: No such file or directory {"exception":"[object] (ErrorException(code: 0): include(C:\\Users\\Приятный\\Desktop\\project\\unik\\web\\PHP_BAZA\\laravel\\vendor\\composer/../../database/seeders/DatabaseSeeder.php): Failed to open stream: No such file or directory at C:\\Users\\Приятный\\Desktop\\project\\unik\\web\\PHP_BAZA\\laravel\\vendor\\composer\\ClassLoader.php:576)
[stacktrace]
#0 C:\\Users\\Приятный\\Desktop\\project\\unik\\web\\PHP_BAZA\\laravel\\vendor\\laravel\\framework\\src\\Illuminate\\Foundation\\Bootstrap\\HandleExceptions.php(258): Illuminate\\Foundation\\Bootstrap\\HandleExceptions->handleError(2, 'include(C:\\\\User...', 'C:\\\\Users\\\\\\xD0\\x9F\\xD1\\x80\\xD0\\xB8...', 576)
#1 C:\\Users\\Приятный\\Desktop\\project\\unik\\web\\PHP_BAZA\\laravel\\vendor\\composer\\ClassLoader.php(576): Illuminate\\Foundation\\Bootstrap\\HandleExceptions->{closure:Illuminate\\Foundation\\Bootstrap\\HandleExceptions::forwardsTo():257}(2, 'include(C:\\\\User...', 'C:\\\\Users\\\\\\xD0\\x9F\\xD1\\x80\\xD0\\xB8...', 576)
#2 C:\\Users\\Приятный\\Desktop\\project\\unik\\web\\PHP_BAZA\\laravel\\vendor\\composer\\ClassLoader.php(576): include('C:\\\\Users\\\\\\xD0\\x9F\\xD1\\x80\\xD0\\xB8...')
#3 C:\\Users\\Приятный\\Desktop\\project\\unik\\web\\PHP_BAZA\\laravel\\vendor\\composer\\ClassLoader.php(427): {closure:Composer\\Autoload\\ClassLoader::initializeIncludeClosure():575}('C:\\\\Users\\\\\\xD0\\x9F\\xD1\\x80\\xD0\\xB8...')
#4 [internal function]: Composer\\Autoload\\ClassLoader->loadClass('Database\\\\Seeder...')
#5 C:\\Users\\Приятный\\Desktop\\project\\unik\\web\\PHP_BAZA\\laravel\\vendor\\laravel\\framework\\src\\Illuminate\\Database\\Console\\Seeds\\SeedCommand.php(95): class_exists('Database\\\\Seeder...')
#6 C:\\Users\\Приятный\\Desktop\\project\\unik\\web\\PHP_BAZA\\laravel\\vendor\\laravel\\framework\\src\\Illuminate\\Database\\Console\\Seeds\\SeedCommand.php(71): Illuminate\\Database\\Console\\Seeds\\SeedCommand->getSeeder()
#7 C:\\Users\\Приятный\\Desktop\\project\\unik\\web\\PHP_BAZA\\laravel\\vendor\\laravel\\framework\\src\\Illuminate\\Database\\Eloquent\\Concerns\\GuardsAttributes.php(157): Illuminate\\Database\\Console\\Seeds\\SeedCommand->{closure:Illuminate\\Database\\Console\\Seeds\\SeedCommand::handle():70}()
#8 C:\\Users\\Приятный\\Desktop\\project\\unik\\web\\PHP_BAZA\\laravel\\vendor\\laravel\\framework\\src\\Illuminate\\Database\\Console\\Seeds\\SeedCommand.php(70): Illuminate\\Database\\Eloquent\\Model::unguarded(Object(Closure))
#9 C:\\Users\\Приятный\\Desktop\\project\\unik\\web\\PHP_BAZA\\laravel\\vendor\\laravel\\framework\\src\\Illuminate\\Container\\BoundMethod.php(36): Illuminate\\Database\\Console\\Seeds\\SeedCommand->handle()
#10 C:\\Users\\Приятный\\Desktop\\project\\unik\\web\\PHP_BAZA\\laravel\\vendor\\laravel\\framework\\src\\Illuminate\\Container\\Util.php(43): Illuminate\\Container\\BoundMethod::{closure:Illuminate\\Container\\BoundMethod::call():35}()
#11 C:\\Users\\Приятный\\Desktop\\project\\unik\\web\\PHP_BAZA\\laravel\\vendor\\laravel\\framework\\src\\Illuminate\\Container\\BoundMethod.php(96): Illuminate\\Container\\Util::unwrapIfClosure(Object(Closure))
#12 C:\\Users\\Приятный\\Desktop\\project\\unik\\web\\PHP_BAZA\\laravel\\vendor\\laravel\\framework\\src\\Illuminate\\Container\\BoundMethod.php(35): Illuminate\\Container\\BoundMethod::callBoundMethod(Object(Illuminate\\Foundation\\Application), Array, Object(Closure))
#13 C:\\Users\\Приятный\\Desktop\\project\\unik\\web\\PHP_BAZA\\laravel\\vendor\\laravel\\framework\\src\\Illuminate\\Container\\Container.php(799): Illuminate\\Container\\BoundMethod::call(Object(Illuminate\\Foundation\\Application), Array, Array, NULL)
#14 C:\\Users\\Приятный\\Desktop\\project\\unik\\web\\PHP_BAZA\\laravel\\vendor\\laravel\\framework\\src\\Illuminate\\Console\\Command.php(211): Illuminate\\Container\\Container->call(Array)
#15 C:\\Users\\Приятный\\Desktop\\project\\unik\\web\\PHP_BAZA\\laravel\\vendor\\symfony\\console\\Command\\Command.php(341): Illuminate\\Console\\Command->execute(Object(Symfony\\Component\\Console\\Input\\ArgvInput), Object(Illuminate\\Console\\OutputStyle))
#16 C:\\Users\\Приятный\\Desktop\\project\\unik\\web\\PHP_BAZA\\laravel\\vendor\\laravel\\framework\\src\\Illuminate\\Console\\Command.php(180): Symfony\\Component\\Console\\Command\\Command->run(Object(Symfony\\Component\\Console\\Input\\ArgvInput), Object(Illuminate\\Console\\OutputStyle))
#17 C:\\Users\\Приятный\\Desktop\\project\\unik\\web\\PHP_BAZA\\laravel\\vendor\\symfony\\console\\Application.php(1102): Illuminate\\Console\\Command->run(Object(Symfony\\Component\\Console\\Input\\ArgvInput), Object(Symfony\\Component\\Console\\Output\\ConsoleOutput))
#18 C:\\Users\\Приятный\\Desktop\\project\\unik\\web\\PHP_BAZA\\laravel\\vendor\\symfony\\console\\Application.php(356): Symfony\\Component\\Console\\Application->doRunCommand(Object(Illuminate\\Database\\Console\\Seeds\\SeedCommand), Object(Symfony\\Component\\Console\\Input\\ArgvInput), Object(Symfony\\Component\\Console\\Output\\ConsoleOutput))
#19 C:\\Users\\Приятный\\Desktop\\project\\unik\\web\\PHP_BAZA\\laravel\\vendor\\symfony\\console\\Application.php(195): Symfony\\Component\\Console\\Application->doRun(Object(Symfony\\Component\\Console\\Input\\ArgvInput), Object(Symfony\\Component\\Console\\Output\\ConsoleOutput))
#20 C:\\Users\\Приятный\\Desktop\\project\\unik\\web\\PHP_BAZA\\laravel\\vendor\\laravel\\framework\\src\\Illuminate\\Foundation\\Console\\Kernel.php(198): Symfony\\Component\\Console\\Application->run(Object(Symfony\\Component\\Console\\Input\\ArgvInput), Object(Symfony\\Component\\Console\\Output\\ConsoleOutput))
#21 C:\\Users\\Приятный\\Desktop\\project\\unik\\web\\PHP_BAZA\\laravel\\vendor\\laravel\\framework\\src\\Illuminate\\Foundation\\Application.php(1235): Illuminate\\Foundation\\Console\\Kernel->handle(Object(Symfony\\Component\\Console\\Input\\ArgvInput), Object(Symfony\\Component\\Console\\Output\\ConsoleOutput))
#22 C:\\Users\\Приятный\\Desktop\\project\\unik\\web\\PHP_BAZA\\laravel\\artisan(16): Illuminate\\Foundation\\Application->handleCommand(Object(Symfony\\Component\\Console\\Input\\ArgvInput))
#23 {main}
"} 
[2025-12-21 04:06:14] local.ERROR: SQLSTATE[42S01]: Base table or view already exists: 1050 Table 'tasks' already exists (Connection: mysql, SQL: create table `tasks` (`id` bigint unsigned not null auto_increment primary key, `title` varchar(255) not null, `completed` tinyint(1) not null default '0', `created_at` timestamp null, `updated_at` timestamp null) default character set utf8mb4 collate 'utf8mb4_unicode_ci') {"exception":"[object] (Illuminate\\Database\\QueryException(code: 42S01): SQLSTATE[42S01]: Base table or view already exists: 1050 Table 'tasks' already exists (Connection: mysql, SQL: create table `tasks` (`id` bigint unsigned not null auto_increment primary key, `title` varchar(255) not null, `completed` tinyint(1) not null default '0', `created_at` timestamp null, `updated_at` timestamp null) default character set utf8mb4 collate 'utf8mb4_unicode_ci') at C:\\Users\\Приятный\\Desktop\\project\\unik\\web\\PHP_BAZA\\laravel\\vendor\\laravel\\framework\\src\\Illuminate\\Database\\Connection.php:826)
[stacktrace]
#0 C:\\Users\\Приятный\\Desktop\\project\\unik\\web\\PHP_BAZA\\laravel\\vendor\\laravel\\framework\\src\\Illuminate\\Database\\Connection.php(780): Illuminate\\Database\\Connection->runQueryCallback('create table `t...', Array, Object(Closure))
#1 C:\\Users\\Приятный\\Desktop\\project\\unik\\web\\PHP_BAZA\\laravel\\vendor\\laravel\\framework\\src\\Illuminate\\Database\\Connection.php(559): Illuminate\\Database\\Connection->run('create table `t...', Array, Object(Closure))
#2 C:\\Users\\Приятный\\Desktop\\project\\unik\\web\\PHP_BAZA\\laravel\\vendor\\laravel\\framework\\src\\Illuminate\\Database\\Schema\\Blueprint.php(121): Illuminate\\Database\\Connection->statement('create table `t...')
#3 C:\\Users\\Приятный\\Desktop\\project\\unik\\web\\PHP_BAZA\\laravel\\vendor\\laravel\\framework\\src\\Illuminate\\Database\\Schema\\Builder.php(650): Illuminate\\Database\\Schema\\Blueprint->build()
#4 C:\\Users\\Приятный\\Desktop\\project\\unik\\web\\PHP_BAZA\\laravel\\vendor\\laravel\\framework\\src\\Illuminate\\Database\\Schema\\Builder.php(504): Illuminate\\Database\\Schema\\Builder->build(Object(Illuminate\\Database\\Schema\\Blueprint))
#5 C:\\Users\\Приятный\\Desktop\\project\\unik\\web\\PHP_BAZA\\laravel\\vendor\\laravel\\framework\\src\\Illuminate\\Support\\Facades\\Facade.php(363): Illuminate\\Database\\Schema\\Builder->create('tasks', Object(Closure))
#6 C:\\Users\\Приятный\\Desktop\\project\\unik\\web\\PHP_BAZA\\laravel\\database\\migrations\\2025_12_21_033735_create_tasks_table.php(14): Illuminate\\Support\\Facades\\Facade::__callStatic('create', Array)
#7 C:\\Users\\Приятный\\Desktop\\project\\unik\\web\\PHP_BAZA\\laravel\\vendor\\laravel\\framework\\src\\Illuminate\\Database\\Migrations\\Migrator.php(514): Illuminate\\Database\\Migrations\\Migration@anonymous->up()
#8 C:\\Users\\Приятный\\Desktop\\project\\unik\\web\\PHP_BAZA\\laravel\\vendor\\laravel\\framework\\src\\Illuminate\\Database\\Migrations\\Migrator.php(439): Illuminate\\Database\\Migrations\\Migrator->runMethod(Object(Illuminate\\Database\\MySqlConnection), Object(Illuminate\\Database\\Migrations\\Migration@anonymous), 'up')
#9 C:\\Users\\Приятный\\Desktop\\project\\unik\\web\\PHP_BAZA\\laravel\\vendor\\laravel\\framework\\src\\Illuminate\\Database\\Migrations\\Migrator.php(448): Illuminate\\Database\\Migrations\\Migrator->{closure:Illuminate\\Database\\Migrations\\Migrator::runMigration():435}()
#10 C:\\Users\\Приятный\\Desktop\\project\\unik\\web\\PHP_BAZA\\laravel\\vendor\\laravel\\framework\\src\\Illuminate\\Database\\Migrations\\Migrator.php(250): Illuminate\\Database\\Migrations\\Migrator->runMigration(Object(Illuminate\\Database\\Migrations\\Migration@anonymous), 'up')
#11 C:\\Users\\Приятный\\Desktop\\project\\unik\\web\\PHP_BAZA\\laravel\\vendor\\laravel\\framework\\src\\Illuminate\\Console\\View\\Components\\Task.php(41): Illuminate\\Database\\Migrations\\Migrator->{closure:Illuminate\\Database\\Migrations\\Migrator::runUp():250}()
#12 C:\\Users\\Приятный\\Desktop\\project\\unik\\web\\PHP_BAZA\\laravel\\vendor\\laravel\\framework\\src\\Illuminate\\Database\\Migrations\\Migrator.php(809): Illuminate\\Console\\View\\Components\\Task->render('2025_12_21_0337...', Object(Closure))
#13 C:\\Users\\Приятный\\Desktop\\project\\unik\\web\\PHP_BAZA\\laravel\\vendor\\laravel\\framework\\src\\Illuminate\\Database\\Migrations\\Migrator.php(250): Illuminate\\Database\\Migrations\\Migrator->write('Illuminate\\\\Cons...', '2025_12_21_0337...', Object(Closure))
#14 C:\\Users\\Приятный\\Desktop\\project\\unik\\web\\PHP_BAZA\\laravel\\vendor\\laravel\\framework\\src\\Illuminate\\Database\\Migrations\\Migrator.php(210): Illuminate\\Database\\Migrations\\Migrator->runUp('C:\\\\Users\\\\\\xD0\\x9F\\xD1\\x80\\xD0\\xB8...', 1, false)
#15 C:\\Users\\Приятный\\Desktop\\project\\unik\\web\\PHP_BAZA\\laravel\\vendor\\laravel\\framework\\src\\Illuminate\\Database\\Migrations\\Migrator.php(137): Illuminate\\Database\\Migrations\\Migrator->runPending(Array, Array)
#16 C:\\Users\\Приятный\\Desktop\\project\\unik\\web\\PHP_BAZA\\laravel\\vendor\\laravel\\framework\\src\\Illuminate\\Database\\Console\\Migrations\\MigrateCommand.php(116): Illuminate\\Database\\Migrations\\Migrator->run(Array, Array)
#17 C:\\Users\\Приятный\\Desktop\\project\\unik\\web\\PHP_BAZA\\laravel\\vendor\\laravel\\framework\\src\\Illuminate\\Database\\Migrations\\Migrator.php(666): Illuminate\\Database\\Console\\Migrations\\MigrateCommand->{closure:Illuminate\\Database\\Console\\Migrations\\MigrateCommand::runMigrations():109}()
#18 C:\\Users\\Приятный\\Desktop\\project\\unik\\web\\PHP_BAZA\\laravel\\vendor\\laravel\\framework\\src\\Illuminate\\Database\\Console\\Migrations\\MigrateCommand.php(109): Illuminate\\Database\\Migrations\\Migrator->usingConnection(NULL, Object(Closure))
#19 C:\\Users\\Приятный\\Desktop\\project\\unik\\web\\PHP_BAZA\\laravel\\vendor\\laravel\\framework\\src\\Illuminate\\Database\\Console\\Migrations\\MigrateCommand.php(88): Illuminate\\Database\\Console\\Migrations\\MigrateCommand->runMigrations()
#20 C:\\Users\\Приятный\\Desktop\\project\\unik\\web\\PHP_BAZA\\laravel\\vendor\\laravel\\framework\\src\\Illuminate\\Container\\BoundMethod.php(36): Illuminate\\Database\\Console\\Migrations\\MigrateCommand->handle()
#21 C:\\Users\\Приятный\\Desktop\\project\\unik\\web\\PHP_BAZA\\laravel\\vendor\\laravel\\framework\\src\\Illuminate\\Container\\Util.php(43): Illuminate\\Container\\BoundMethod::{closure:Illuminate\\Container\\BoundMethod::call():35}()
#22 C:\\Users\\Приятный\\Desktop\\project\\unik\\web\\PHP_BAZA\\laravel\\vendor\\laravel\\framework\\src\\Illuminate\\Container\\BoundMethod.php(96): Illuminate\\Container\\Util::unwrapIfClosure(Object(Closure))
#23 C:\\Users\\Приятный\\Desktop\\project\\unik\\web\\PHP_BAZA\\laravel\\vendor\\laravel\\framework\\src\\Illuminate\\Container\\BoundMethod.php(35): Illuminate\\Container\\BoundMethod::callBoundMethod(Object(Illuminate\\Foundation\\Application), Array, Object(Closure))
#24 C:\\Users\\Приятный\\Desktop\\project\\unik\\web\\PHP_BAZA\\laravel\\vendor\\laravel\\framework\\src\\Illuminate\\Container\\Container.php(799): Illuminate\\Container\\BoundMethod::call(Object(Illuminate\\Foundation\\Application), Array, Array, NULL)
#25 C:\\Users\\Приятный\\Desktop\\project\\unik\\web\\PHP_BAZA\\laravel\\vendor\\laravel\\framework\\src\\Illuminate\\Console\\Command.php(211): Illuminate\\Container\\Container->call(Array)
#26 C:\\Users\\Приятный\\Desktop\\project\\unik\\web\\PHP_BAZA\\laravel\\vendor\\symfony\\console\\Command\\Command.php(341): Illuminate\\Console\\Command->execute(Object(Symfony\\Component\\Console\\Input\\ArgvInput), Object(Illuminate\\Console\\OutputStyle))
#27 C:\\Users\\Приятный\\Desktop\\project\\unik\\web\\PHP_BAZA\\laravel\\vendor\\laravel\\framework\\src\\Illuminate\\Console\\Command.php(180): Symfony\\Component\\Console\\Command\\Command->run(Object(Symfony\\Component\\Console\\Input\\ArgvInput), Object(Illuminate\\Console\\OutputStyle))
#28 C:\\Users\\Приятный\\Desktop\\project\\unik\\web\\PHP_BAZA\\laravel\\vendor\\symfony\\console\\Application.php(1102): Illuminate\\Console\\Command->run(Object(Symfony\\Component\\Console\\Input\\ArgvInput), Object(Symfony\\Component\\Console\\Output\\ConsoleOutput))
#29 C:\\Users\\Приятный\\Desktop\\project\\unik\\web\\PHP_BAZA\\laravel\\vendor\\symfony\\console\\Application.php(356): Symfony\\Component\\Console\\Application->doRunCommand(Object(Illuminate\\Database\\Console\\Migrations\\MigrateCommand), Object(Symfony\\Component\\Console\\Input\\ArgvInput), Object(Symfony\\Component\\Console\\Output\\ConsoleOutput))
#30 C:\\Users\\Приятный\\Desktop\\project\\unik\\web\\PHP_BAZA\\laravel\\vendor\\symfony\\console\\Application.php(195): Symfony\\Component\\Console\\Application->doRun(Object(Symfony\\Component\\Console\\Input\\ArgvInput), Object(Symfony\\Component\\Console\\Output\\ConsoleOutput))
#31 C:\\Users\\Приятный\\Desktop\\project\\unik\\web\\PHP_BAZA\\laravel\\vendor\\laravel\\framework\\src\\Illuminate\\Foundation\\Console\\Kernel.php(198): Symfony\\Component\\Console\\Application->run(Object(Symfony\\Component\\Console\\Input\\ArgvInput), Object(Symfony\\Component\\Console\\Output\\ConsoleOutput))
#32 C:\\Users\\Приятный\\Desktop\\project\\unik\\web\\PHP_BAZA\\laravel\\vendor\\laravel\\framework\\src\\Illuminate\\Foundation\\Application.php(1235): Illuminate\\Foundation\\Console\\Kernel->handle(Object(Symfony\\Component\\Console\\Input\\ArgvInput), Object(Symfony\\Component\\Console\\Output\\ConsoleOutput))
#33 C:\\Users\\Приятный\\Desktop\\project\\unik\\web\\PHP_BAZA\\laravel\\artisan(16): Illuminate\\Foundation\\Application->handleCommand(Object(Symfony\\Component\\Console\\Input\\ArgvInput))
#34 {main}

[previous exception] [object] (PDOException(code: 42S01): SQLSTATE[42S01]: Base table or view already exists: 1050 Table 'tasks' already exists at C:\\Users\\Приятный\\Desktop\\project\\unik\\web\\PHP_BAZA\\laravel\\vendor\\laravel\\framework\\src\\Illuminate\\Database\\Connection.php:570)
[stacktrace]
#0 C:\\Users\\Приятный\\Desktop\\project\\unik\\web\\PHP_BAZA\\laravel\\vendor\\laravel\\framework\\src\\Illuminate\\Database\\Connection.php(570): PDOStatement->execute()
#1 C:\\Users\\Приятный\\Desktop\\project\\unik\\web\\PHP_BAZA\\laravel\\vendor\\laravel\\framework\\src\\Illuminate\\Database\\Connection.php(813): Illuminate\\Database\\Connection->{closure:Illuminate\\Database\\Connection::statement():559}('create table `t...', Array)
#2 C:\\Users\\Приятный\\Desktop\\project\\unik\\web\\PHP_BAZA\\laravel\\vendor\\laravel\\framework\\src\\Illuminate\\Database\\Connection.php(780): Illuminate\\Database\\Connection->runQueryCallback('create table `t...', Array, Object(Closure))
#3 C:\\Users\\Приятный\\Desktop\\project\\unik\\web\\PHP_BAZA\\laravel\\vendor\\laravel\\framework\\src\\Illuminate\\Database\\Connection.php(559): Illuminate\\Database\\Connection->run('create table `t...', Array, Object(Closure))
#4 C:\\Users\\Приятный\\Desktop\\project\\unik\\web\\PHP_BAZA\\laravel\\vendor\\laravel\\framework\\src\\Illuminate\\Database\\Schema\\Blueprint.php(121): Illuminate\\Database\\Connection->statement('create table `t...')
#5 C:\\Users\\Приятный\\Desktop\\project\\unik\\web\\PHP_BAZA\\laravel\\vendor\\laravel\\framework\\src\\Illuminate\\Database\\Schema\\Builder.php(650): Illuminate\\Database\\Schema\\Blueprint->build()
#6 C:\\Users\\Приятный\\Desktop\\project\\unik\\web\\PHP_BAZA\\laravel\\vendor\\laravel\\framework\\src\\Illuminate\\Database\\Schema\\Builder.php(504): Illuminate\\Database\\Schema\\Builder->build(Object(Illuminate\\Database\\Schema\\Blueprint))
#7 C:\\Users\\Приятный\\Desktop\\project\\unik\\web\\PHP_BAZA\\laravel\\vendor\\laravel\\framework\\src\\Illuminate\\Support\\Facades\\Facade.php(363): Illuminate\\Database\\Schema\\Builder->create('tasks', Object(Closure))
#8 C:\\Users\\Приятный\\Desktop\\project\\unik\\web\\PHP_BAZA\\laravel\\database\\migrations\\2025_12_21_033735_create_tasks_table.php(14): Illuminate\\Support\\Facades\\Facade::__callStatic('create', Array)
#9 C:\\Users\\Приятный\\Desktop\\project\\unik\\web\\PHP_BAZA\\laravel\\vendor\\laravel\\framework\\src\\Illuminate\\Database\\Migrations\\Migrator.php(514): Illuminate\\Database\\Migrations\\Migration@anonymous->up()
#10 C:\\Users\\Приятный\\Desktop\\project\\unik\\web\\PHP_BAZA\\laravel\\vendor\\laravel\\framework\\src\\Illuminate\\Database\\Migrations\\Migrator.php(439): Illuminate\\Database\\Migrations\\Migrator->runMethod(Object(Illuminate\\Database\\MySqlConnection), Object(Illuminate\\Database\\Migrations\\Migration@anonymous), 'up')
#11 C:\\Users\\Приятный\\Desktop\\project\\unik\\web\\PHP_BAZA\\laravel\\vendor\\laravel\\framework\\src\\Illuminate\\Database\\Migrations\\Migrator.php(448): Illuminate\\Database\\Migrations\\Migrator->{closure:Illuminate\\Database\\Migrations\\Migrator::runMigration():435}()
#12 C:\\Users\\Приятный\\Desktop\\project\\unik\\web\\PHP_BAZA\\laravel\\vendor\\laravel\\framework\\src\\Illuminate\\Database\\Migrations\\Migrator.php(250): Illuminate\\Database\\Migrations\\Migrator->runMigration(Object(Illuminate\\Database\\Migrations\\Migration@anonymous), 'up')
#13 C:\\Users\\Приятный\\Desktop\\project\\unik\\web\\PHP_BAZA\\laravel\\vendor\\laravel\\framework\\src\\Illuminate\\Console\\View\\Components\\Task.php(41): Illuminate\\Database\\Migrations\\Migrator->{closure:Illuminate\\Database\\Migrations\\Migrator::runUp():250}()
#14 C:\\Users\\Приятный\\Desktop\\project\\unik\\web\\PHP_BAZA\\laravel\\vendor\\laravel\\framework\\src\\Illuminate\\Database\\Migrations\\Migrator.php(809): Illuminate\\Console\\View\\Components\\Task->render('2025_12_21_0337...', Object(Closure))
#15 C:\\Users\\Приятный\\Desktop\\project\\unik\\web\\PHP_BAZA\\laravel\\vendor\\laravel\\framework\\src\\Illuminate\\Database\\Migrations\\Migrator.php(250): Illuminate\\Database\\Migrations\\Migrator->write('Illuminate\\\\Cons...', '2025_12_21_0337...', Object(Closure))
#16 C:\\Users\\Приятный\\Desktop\\project\\unik\\web\\PHP_BAZA\\laravel\\vendor\\laravel\\framework\\src\\Illuminate\\Database\\Migrations\\Migrator.php(210): Illuminate\\Database\\Migrations\\Migrator->runUp('C:\\\\Users\\\\\\xD0\\x9F\\xD1\\x80\\xD0\\xB8...', 1, false)
#17 C:\\Users\\Приятный\\Desktop\\project\\unik\\web\\PHP_BAZA\\laravel\\vendor\\laravel\\framework\\src\\Illuminate\\Database\\Migrations\\Migrator.php(137): Illuminate\\Database\\Migrations\\Migrator->runPending(Array, Array)
#18 C:\\Users\\Приятный\\Desktop\\project\\unik\\web\\PHP_BAZA\\laravel\\vendor\\laravel\\framework\\src\\Illuminate\\Database\\Console\\Migrations\\MigrateCommand.php(116): Illuminate\\Database\\Migrations\\Migrator->run(Array, Array)
#19 C:\\Users\\Приятный\\Desktop\\project\\unik\\web\\PHP_BAZA\\laravel\\vendor\\laravel\\framework\\src\\Illuminate\\Database\\Migrations\\Migrator.php(666): Illuminate\\Database\\Console\\Migrations\\MigrateCommand->{closure:Illuminate\\Database\\Console\\Migrations\\MigrateCommand::runMigrations():109}()
#20 C:\\Users\\Приятный\\Desktop\\project\\unik\\web\\PHP_BAZA\\laravel\\vendor\\laravel\\framework\\src\\Illuminate\\Database\\Console\\Migrations\\MigrateCommand.php(109): Illuminate\\Database\\Migrations\\Migrator->usingConnection(NULL, Object(Closure))
#21 C:\\Users\\Приятный\\Desktop\\project\\unik\\web\\PHP_BAZA\\laravel\\vendor\\laravel\\framework\\src\\Illuminate\\Database\\Console\\Migrations\\MigrateCommand.php(88): Illuminate\\Database\\Console\\Migrations\\MigrateCommand->runMigrations()
#22 C:\\Users\\Приятный\\Desktop\\project\\unik\\web\\PHP_BAZA\\laravel\\vendor\\laravel\\framework\\src\\Illuminate\\Container\\BoundMethod.php(36): Illuminate\\Database\\Console\\Migrations\\MigrateCommand->handle()
#23 C:\\Users\\Приятный\\Desktop\\project\\unik\\web\\PHP_BAZA\\laravel\\vendor\\laravel\\framework\\src\\Illuminate\\Container\\Util.php(43): Illuminate\\Container\\BoundMethod::{closure:Illuminate\\Container\\BoundMethod::call():35}()
#24 C:\\Users\\Приятный\\Desktop\\project\\unik\\web\\PHP_BAZA\\laravel\\vendor\\laravel\\framework\\src\\Illuminate\\Container\\BoundMethod.php(96): Illuminate\\Container\\Util::unwrapIfClosure(Object(Closure))
#25 C:\\Users\\Приятный\\Desktop\\project\\unik\\web\\PHP_BAZA\\laravel\\vendor\\laravel\\framework\\src\\Illuminate\\Container\\BoundMethod.php(35): Illuminate\\Container\\BoundMethod::callBoundMethod(Object(Illuminate\\Foundation\\Application), Array, Object(Closure))
#26 C:\\Users\\Приятный\\Desktop\\project\\unik\\web\\PHP_BAZA\\laravel\\vendor\\laravel\\framework\\src\\Illuminate\\Container\\Container.php(799): Illuminate\\Container\\BoundMethod::call(Object(Illuminate\\Foundation\\Application), Array, Array, NULL)
#27 C:\\Users\\Приятный\\Desktop\\project\\unik\\web\\PHP_BAZA\\laravel\\vendor\\laravel\\framework\\src\\Illuminate\\Console\\Command.php(211): Illuminate\\Container\\Container->call(Array)
#28 C:\\Users\\Приятный\\Desktop\\project\\unik\\web\\PHP_BAZA\\laravel\\vendor\\symfony\\console\\Command\\Command.php(341): Illuminate\\Console\\Command->execute(Object(Symfony\\Component\\Console\\Input\\ArgvInput), Object(Illuminate\\Console\\OutputStyle))
#29 C:\\Users\\Приятный\\Desktop\\project\\unik\\web\\PHP_BAZA\\laravel\\vendor\\laravel\\framework\\src\\Illuminate\\Console\\Command.php(180): Symfony\\Component\\Console\\Command\\Command->run(Object(Symfony\\Component\\Console\\Input\\ArgvInput), Object(Illuminate\\Console\\OutputStyle))
#30 C:\\Users\\Приятный\\Desktop\\project\\unik\\web\\PHP_BAZA\\laravel\\vendor\\symfony\\console\\Application.php(1102): Illuminate\\Console\\Command->run(Object(Symfony\\Component\\Console\\Input\\ArgvInput), Object(Symfony\\Component\\Console\\Output\\ConsoleOutput))
#31 C:\\Users\\Приятный\\Desktop\\project\\unik\\web\\PHP_BAZA\\laravel\\vendor\\symfony\\console\\Application.php(356): Symfony\\Component\\Console\\Application->doRunCommand(Object(Illuminate\\Database\\Console\\Migrations\\MigrateCommand), Object(Symfony\\Component\\Console\\Input\\ArgvInput), Object(Symfony\\Component\\Console\\Output\\ConsoleOutput))
#32 C:\\Users\\Приятный\\Desktop\\project\\unik\\web\\PHP_BAZA\\laravel\\vendor\\symfony\\console\\Application.php(195): Symfony\\Component\\Console\\Application->doRun(Object(Symfony\\Component\\Console\\Input\\ArgvInput), Object(Symfony\\Component\\Console\\Output\\ConsoleOutput))
#33 C:\\Users\\Приятный\\Desktop\\project\\unik\\web\\PHP_BAZA\\laravel\\vendor\\laravel\\framework\\src\\Illuminate\\Foundation\\Console\\Kernel.php(198): Symfony\\Component\\Console\\Application->run(Object(Symfony\\Component\\Console\\Input\\ArgvInput), Object(Symfony\\Component\\Console\\Output\\ConsoleOutput))
#34 C:\\Users\\Приятный\\Desktop\\project\\unik\\web\\PHP_BAZA\\laravel\\vendor\\laravel\\framework\\src\\Illuminate\\Foundation\\Application.php(1235): Illuminate\\Foundation\\Console\\Kernel->handle(Object(Symfony\\Component\\Console\\Input\\ArgvInput), Object(Symfony\\Component\\Console\\Output\\ConsoleOutput))
#35 C:\\Users\\Приятный\\Desktop\\project\\unik\\web\\PHP_BAZA\\laravel\\artisan(16): Illuminate\\Foundation\\Application->handleCommand(Object(Symfony\\Component\\Console\\Input\\ArgvInput))
#36 {main}
"} 
[2025-12-21 04:21:02] laravel.EMERGENCY: Unable to create configured logger. Using emergency logger. {"exception":"[object] (InvalidArgumentException(code: 0): Invalid log level. at C:\\Users\\Приятный\\Desktop\\project\\unik\\web\\PHP_BAZA\\laravel\\vendor\\laravel\\framework\\src\\Illuminate\\Log\\ParsesLogConfiguration.php:49)
[stacktrace]
#0 C:\\Users\\Приятный\\Desktop\\project\\unik\\web\\PHP_BAZA\\laravel\\vendor\\laravel\\framework\\src\\Illuminate\\Log\\LogManager.php(308): Illuminate\\Log\\LogManager->level(Array)
#1 C:\\Users\\Приятный\\Desktop\\project\\unik\\web\\PHP_BAZA\\laravel\\vendor\\laravel\\framework\\src\\Illuminate\\Log\\LogManager.php(232): Illuminate\\Log\\LogManager->createSingleDriver(Array)
#2 C:\\Users\\Приятный\\Desktop\\project\\unik\\web\\PHP_BAZA\\laravel\\vendor\\laravel\\framework\\src\\Illuminate\\Log\\LogManager.php(138): Illuminate\\Log\\LogManager->resolve('single', Array)
#3 C:\\Users\\Приятный\\Desktop\\project\\unik\\web\\PHP_BAZA\\laravel\\vendor\\laravel\\framework\\src\\Illuminate\\Log\\LogManager.php(125): Illuminate\\Log\\LogManager->get('single')
#4 C:\\Users\\Приятный\\Desktop\\project\\unik\\web\\PHP_BAZA\\laravel\\vendor\\laravel\\framework\\src\\Illuminate\\Log\\LogManager.php(703): Illuminate\\Log\\LogManager->driver()
#5 C:\\Users\\Приятный\\Desktop\\project\\unik\\web\\PHP_BAZA\\laravel\\vendor\\laravel\\framework\\src\\Illuminate\\Foundation\\Exceptions\\Handler.php(402): Illuminate\\Log\\LogManager->error('No application ...', Array)
#6 C:\\Users\\Приятный\\Desktop\\project\\unik\\web\\PHP_BAZA\\laravel\\vendor\\laravel\\framework\\src\\Illuminate\\Foundation\\Exceptions\\Handler.php(365): Illuminate\\Foundation\\Exceptions\\Handler->reportThrowable(Object(Illuminate\\Encryption\\MissingAppKeyException))
#7 C:\\Users\\Приятный\\Desktop\\project\\unik\\web\\PHP_BAZA\\laravel\\vendor\\laravel\\framework\\src\\Illuminate\\Routing\\Pipeline.php(49): Illuminate\\Foundation\\Exceptions\\Handler->report(Object(Illuminate\\Encryption\\MissingAppKeyException))
#8 C:\\Users\\Приятный\\Desktop\\project\\unik\\web\\PHP_BAZA\\laravel\\vendor\\laravel\\framework\\src\\Illuminate\\Pipeline\\Pipeline.php(224): Illuminate\\Routing\\Pipeline->handleException(Object(Illuminate\\Http\\Request), Object(Illuminate\\Encryption\\MissingAppKeyException))
#9 C:\\Users\\Приятный\\Desktop\\project\\unik\\web\\PHP_BAZA\\laravel\\vendor\\laravel\\framework\\src\\Illuminate\\Pipeline\\Pipeline.php(137): Illuminate\\Pipeline\\Pipeline->{closure:{closure:Illuminate\\Pipeline\\Pipeline::carry():194}:195}(Object(Illuminate\\Http\\Request))
#10 C:\\Users\\Приятный\\Desktop\\project\\unik\\web\\PHP_BAZA\\laravel\\vendor\\laravel\\framework\\src\\Illuminate\\Routing\\Router.php(821): Illuminate\\Pipeline\\Pipeline->then(Object(Closure))
#11 C:\\Users\\Приятный\\Desktop\\project\\unik\\web\\PHP_BAZA\\laravel\\vendor\\laravel\\framework\\src\\Illuminate\\Routing\\Router.php(800): Illuminate\\Routing\\Router->runRouteWithinStack(Object(Illuminate\\Routing\\Route), Object(Illuminate\\Http\\Request))
#12 C:\\Users\\Приятный\\Desktop\\project\\unik\\web\\PHP_BAZA\\laravel\\vendor\\laravel\\framework\\src\\Illuminate\\Routing\\Router.php(764): Illuminate\\Routing\\Router->runRoute(Object(Illuminate\\Http\\Request), Object(Illuminate\\Routing\\Route))
#13 C:\\Users\\Приятный\\Desktop\\project\\unik\\web\\PHP_BAZA\\laravel\\vendor\\laravel\\framework\\src\\Illuminate\\Routing\\Router.php(753): Illuminate\\Routing\\Router->dispatchToRoute(Object(Illuminate\\Http\\Request))
#14 C:\\Users\\Приятный\\Desktop\\project\\unik\\web\\PHP_BAZA\\laravel\\vendor\\laravel\\framework\\src\\Illuminate\\Foundation\\Http\\Kernel.php(200): Illuminate\\Routing\\Router->dispatch(Object(Illuminate\\Http\\Request))
#15 C:\\Users\\Приятный\\Desktop\\project\\unik\\web\\PHP_BAZA\\laravel\\vendor\\laravel\\framework\\src\\Illuminate\\Pipeline\\Pipeline.php(180): Illuminate\\Foundation\\Http\\Kernel->{closure:Illuminate\\Foundation\\Http\\Kernel::dispatchToRouter():197}(Object(Illuminate\\Http\\Request))
#16 C:\\Users\\Приятный\\Desktop\\project\\unik\\web\\PHP_BAZA\\laravel\\vendor\\laravel\\framework\\src\\Illuminate\\Foundation\\Http\\Middleware\\TransformsRequest.php(21): Illuminate\\Pipeline\\Pipeline->{closure:Illuminate\\Pipeline\\Pipeline::prepareDestination():178}(Object(Illuminate\\Http\\Request))
#17 C:\\Users\\Приятный\\Desktop\\project\\unik\\web\\PHP_BAZA\\laravel\\vendor\\laravel\\framework\\src\\Illuminate\\Foundation\\Http\\Middleware\\ConvertEmptyStringsToNull.php(31): Illuminate\\Foundation\\Http\\Middleware\\TransformsRequest->handle(Object(Illuminate\\Http\\Request), Object(Closure))
#18 C:\\Users\\Приятный\\Desktop\\project\\unik\\web\\PHP_BAZA\\laravel\\vendor\\laravel\\framework\\src\\Illuminate\\Pipeline\\Pipeline.php(219): Illuminate\\Foundation\\Http\\Middleware\\ConvertEmptyStringsToNull->handle(Object(Illuminate\\Http\\Request), Object(Closure))
#19 C:\\Users\\Приятный\\Desktop\\project\\unik\\web\\PHP_BAZA\\laravel\\vendor\\laravel\\framework\\src\\Illuminate\\Foundation\\Http\\Middleware\\TransformsRequest.php(21): Illuminate\\Pipeline\\Pipeline->{closure:{closure:Illuminate\\Pipeline\\Pipeline::carry():194}:195}(Object(Illuminate\\Http\\Request))
#20 C:\\Users\\Приятный\\Desktop\\project\\unik\\web\\PHP_BAZA\\laravel\\vendor\\laravel\\framework\\src\\Illuminate\\Foundation\\Http\\Middleware\\TrimStrings.php(51): Illuminate\\Foundation\\Http\\Middleware\\TransformsRequest->handle(Object(Illuminate\\Http\\Request), Object(Closure))
#21 C:\\Users\\Приятный\\Desktop\\project\\unik\\web\\PHP_BAZA\\laravel\\vendor\\laravel\\framework\\src\\Illuminate\\Pipeline\\Pipeline.php(219): Illuminate\\Foundation\\Http\\Middleware\\TrimStrings->handle(Object(Illuminate\\Http\\Request), Object(Closure))
#22 C:\\Users\\Приятный\\Desktop\\project\\unik\\web\\PHP_BAZA\\laravel\\vendor\\laravel\\framework\\src\\Illuminate\\Http\\Middleware\\ValidatePostSize.php(27): Illuminate\\Pipeline\\Pipeline->{closure:{closure:Illuminate\\Pipeline\\Pipeline::carry():194}:195}(Object(Illuminate\\Http\\Request))
#23 C:\\Users\\Приятный\\Desktop\\project\\unik\\web\\PHP_BAZA\\laravel\\vendor\\laravel\\framework\\src\\Illuminate\\Pipeline\\Pipeline.php(219): Illuminate\\Http\\Middleware\\ValidatePostSize->handle(Object(Illuminate\\Http\\Request), Object(Closure))
#24 C:\\Users\\Приятный\\Desktop\\project\\unik\\web\\PHP_BAZA\\laravel\\vendor\\laravel\\framework\\src\\Illuminate\\Foundation\\Http\\Middleware\\PreventRequestsDuringMaintenance.php(109): Illuminate\\Pipeline\\Pipeline->{closure:{closure:Illuminate\\Pipeline\\Pipeline::carry():194}:195}(Object(Illuminate\\Http\\Request))
#25 C:\\Users\\Приятный\\Desktop\\project\\unik\\web\\PHP_BAZA\\laravel\\vendor\\laravel\\framework\\src\\Illuminate\\Pipeline\\Pipeline.php(219): Illuminate\\Foundation\\Http\\Middleware\\PreventRequestsDuringMaintenance->handle(Object(Illuminate\\Http\\Request), Object(Closure))
#26 C:\\Users\\Приятный\\Desktop\\project\\unik\\web\\PHP_BAZA\\laravel\\vendor\\laravel\\framework\\src\\Illuminate\\Http\\Middleware\\HandleCors.php(48): Illuminate\\Pipeline\\Pipeline->{closure:{closure:Illuminate\\Pipeline\\Pipeline::carry():194}:195}(Object(Illuminate\\Http\\Request))
#27 C:\\Users\\Приятный\\Desktop\\project\\unik\\web\\PHP_BAZA\\laravel\\vendor\\laravel\\framework\\src\\Illuminate\\Pipeline\\Pipeline.php(219): Illuminate\\Http\\Middleware\\HandleCors->handle(Object(Illuminate\\Http\\Request), Object(Closure))
#28 C:\\Users\\Приятный\\Desktop\\project\\unik\\web\\PHP_BAZA\\laravel\\vendor\\laravel\\framework\\src\\Illuminate\\Http\\Middleware\\TrustProxies.php(58): Illuminate\\Pipeline\\Pipeline->{closure:{closure:Illuminate\\Pipeline\\Pipeline::carry():194}:195}(Object(Illuminate\\Http\\Request))
#29 C:\\Users\\Приятный\\Desktop\\project\\unik\\web\\PHP_BAZA\\laravel\\vendor\\laravel\\framework\\src\\Illuminate\\Pipeline\\Pipeline.php(219): Illuminate\\Http\\Middleware\\TrustProxies->handle(Object(Illuminate\\Http\\Request), Object(Closure))
#30 C:\\Users\\Приятный\\Desktop\\project\\unik\\web\\PHP_BAZA\\laravel\\vendor\\laravel\\framework\\src\\Illuminate\\Foundation\\Http\\Middleware\\InvokeDeferredCallbacks.php(22): Illuminate\\Pipeline\\Pipeline->{closure:{closure:Illuminate\\Pipeline\\Pipeline::carry():194}:195}(Object(Illuminate\\Http\\Request))
#31 C:\\Users\\Приятный\\Desktop\\project\\unik\\web\\PHP_BAZA\\laravel\\vendor\\laravel\\framework\\src\\Illuminate\\Pipeline\\Pipeline.php(219): Illuminate\\Foundation\\Http\\Middleware\\InvokeDeferredCallbacks->handle(Object(Illuminate\\Http\\Request), Object(Closure))
#32 C:\\Users\\Приятный\\Desktop\\project\\unik\\web\\PHP_BAZA\\laravel\\vendor\\laravel\\framework\\src\\Illuminate\\Http\\Middleware\\ValidatePathEncoding.php(26): Illuminate\\Pipeline\\Pipeline->{closure:{closure:Illuminate\\Pipeline\\Pipeline::carry():194}:195}(Object(Illuminate\\Http\\Request))
#33 C:\\Users\\Приятный\\Desktop\\project\\unik\\web\\PHP_BAZA\\laravel\\vendor\\laravel\\framework\\src\\Illuminate\\Pipeline\\Pipeline.php(219): Illuminate\\Http\\Middleware\\ValidatePathEncoding->handle(Object(Illuminate\\Http\\Request), Object(Closure))
#34 C:\\Users\\Приятный\\Desktop\\project\\unik\\web\\PHP_BAZA\\laravel\\vendor\\laravel\\framework\\src\\Illuminate\\Pipeline\\Pipeline.php(137): Illuminate\\Pipeline\\Pipeline->{closure:{closure:Illuminate\\Pipeline\\Pipeline::carry():194}:195}(Object(Illuminate\\Http\\Request))
#35 C:\\Users\\Приятный\\Desktop\\project\\unik\\web\\PHP_BAZA\\laravel\\vendor\\laravel\\framework\\src\\Illuminate\\Foundation\\Http\\Kernel.php(175): Illuminate\\Pipeline\\Pipeline->then(Object(Closure))
#36 C:\\Users\\Приятный\\Desktop\\project\\unik\\web\\PHP_BAZA\\laravel\\vendor\\laravel\\framework\\src\\Illuminate\\Foundation\\Http\\Kernel.php(144): Illuminate\\Foundation\\Http\\Kernel->sendRequestThroughRouter(Object(Illuminate\\Http\\Request))
#37 C:\\Users\\Приятный\\Desktop\\project\\unik\\web\\PHP_BAZA\\laravel\\vendor\\laravel\\framework\\src\\Illuminate\\Foundation\\Application.php(1220): Illuminate\\Foundation\\Http\\Kernel->handle(Object(Illuminate\\Http\\Request))
#38 C:\\Users\\Приятный\\Desktop\\project\\unik\\web\\PHP_BAZA\\laravel\\public\\index.php(17): Illuminate\\Foundation\\Application->handleRequest(Object(Illuminate\\Http\\Request))
#39 {main}
"} 
[2025-12-21 04:21:02] laravel.ERROR: No application encryption key has been specified. {"exception":"[object] (Illuminate\\Encryption\\MissingAppKeyException(code: 0): No application encryption key has been specified. at C:\\Users\\Приятный\\Desktop\\project\\unik\\web\\PHP_BAZA\\laravel\\vendor\\laravel\\framework\\src\\Illuminate\\Encryption\\EncryptionServiceProvider.php:83)
[stacktrace]
#0 C:\\Users\\Приятный\\Desktop\\project\\unik\\web\\PHP_BAZA\\laravel\\vendor\\laravel\\framework\\src\\Illuminate\\Support\\helpers.php(390): Illuminate\\Encryption\\EncryptionServiceProvider->{closure:Illuminate\\Encryption\\EncryptionServiceProvider::key():81}(NULL)
#1 C:\\Users\\Приятный\\Desktop\\project\\unik\\web\\PHP_BAZA\\laravel\\vendor\\laravel\\framework\\src\\Illuminate\\Encryption\\EncryptionServiceProvider.php(81): tap(NULL, Object(Closure))
#2 C:\\Users\\Приятный\\Desktop\\project\\unik\\web\\PHP_BAZA\\laravel\\vendor\\laravel\\framework\\src\\Illuminate\\Encryption\\EncryptionServiceProvider.php(64): Illuminate\\Encryption\\EncryptionServiceProvider->key(Array)
#3 C:\\Users\\Приятный\\Desktop\\project\\unik\\web\\PHP_BAZA\\laravel\\vendor\\laravel\\framework\\src\\Illuminate\\Encryption\\EncryptionServiceProvider.php(32): Illuminate\\Encryption\\EncryptionServiceProvider->parseKey(Array)
#4 C:\\Users\\Приятный\\Desktop\\project\\unik\\web\\PHP_BAZA\\laravel\\vendor\\laravel\\framework\\src\\Illuminate\\Container\\Container.php(1115): Illuminate\\Encryption\\EncryptionServiceProvider->{closure:Illuminate\\Encryption\\EncryptionServiceProvider::registerEncrypter():29}(Object(Illuminate\\Foundation\\Application), Array)
#5 C:\\Users\\Приятный\\Desktop\\project\\unik\\web\\PHP_BAZA\\laravel\\vendor\\laravel\\framework\\src\\Illuminate\\Container\\Container.php(933): Illuminate\\Container\\Container->build(Object(Closure))
#6 C:\\Users\\Приятный\\Desktop\\project\\unik\\web\\PHP_BAZA\\laravel\\vendor\\laravel\\framework\\src\\Illuminate\\Foundation\\Application.php(1078): Illuminate\\Container\\Container->resolve('encrypter', Array, true)
#7 C:\\Users\\Приятный\\Desktop\\project\\unik\\web\\PHP_BAZA\\laravel\\vendor\\laravel\\framework\\src\\Illuminate\\Container\\Container.php(864): Illuminate\\Foundation\\Application->resolve('encrypter', Array)
#8 C:\\Users\\Приятный\\Desktop\\project\\unik\\web\\PHP_BAZA\\laravel\\vendor\\laravel\\framework\\src\\Illuminate\\Foundation\\Application.php(1058): Illuminate\\Container\\Container->make('encrypter', Array)
#9 C:\\Users\\Приятный\\Desktop\\project\\unik\\web\\PHP_BAZA\\laravel\\vendor\\laravel\\framework\\src\\Illuminate\\Container\\Container.php(1338): Illuminate\\Foundation\\Application->make('encrypter')
#10 C:\\Users\\Приятный\\Desktop\\project\\unik\\web\\PHP_BAZA\\laravel\\vendor\\laravel\\framework\\src\\Illuminate\\Container\\Container.php(1239): Illuminate\\Container\\Container->resolveClass(Object(ReflectionParameter))
#11 C:\\Users\\Приятный\\Desktop\\project\\unik\\web\\PHP_BAZA\\laravel\\vendor\\laravel\\framework\\src\\Illuminate\\Container\\Container.php(1162): Illuminate\\Container\\Container->resolveDependencies(Array)
#12 C:\\Users\\Приятный\\Desktop\\project\\unik\\web\\PHP_BAZA\\laravel\\vendor\\laravel\\framework\\src\\Illuminate\\Container\\Container.php(933): Illuminate\\Container\\Container->build('Illuminate\\\\Cook...')
#13 C:\\Users\\Приятный\\Desktop\\project\\unik\\web\\PHP_BAZA\\laravel\\vendor\\laravel\\framework\\src\\Illuminate\\Foundation\\Application.php(1078): Illuminate\\Container\\Container->resolve('Illuminate\\\\Cook...', Array, true)
#14 C:\\Users\\Приятный\\Desktop\\project\\unik\\web\\PHP_BAZA\\laravel\\vendor\\laravel\\framework\\src\\Illuminate\\Container\\Container.php(864): Illuminate\\Foundation\\Application->resolve('Illuminate\\\\Cook...', Array)
#15 C:\\Users\\Приятный\\Desktop\\project\\unik\\web\\PHP_BAZA\\laravel\\vendor\\laravel\\framework\\src\\Illuminate\\Foundation\\Application.php(1058): Illuminate\\Container\\Container->make('Illuminate\\\\Cook...', Array)
#16 C:\\Users\\Приятный\\Desktop\\project\\unik\\web\\PHP_BAZA\\laravel\\vendor\\laravel\\framework\\src\\Illuminate\\Pipeline\\Pipeline.php(208): Illuminate\\Foundation\\Application->make('Illuminate\\\\Cook...')
#17 C:\\Users\\Приятный\\Desktop\\project\\unik\\web\\PHP_BAZA\\laravel\\vendor\\laravel\\framework\\src\\Illuminate\\Pipeline\\Pipeline.php(137): Illuminate\\Pipeline\\Pipeline->{closure:{closure:Illuminate\\Pipeline\\Pipeline::carry():194}:195}(Object(Illuminate\\Http\\Request))
#18 C:\\Users\\Приятный\\Desktop\\project\\unik\\web\\PHP_BAZA\\laravel\\vendor\\laravel\\framework\\src\\Illuminate\\Routing\\Router.php(821): Illuminate\\Pipeline\\Pipeline->then(Object(Closure))
#19 C:\\Users\\Приятный\\Desktop\\project\\unik\\web\\PHP_BAZA\\laravel\\vendor\\laravel\\framework\\src\\Illuminate\\Routing\\Router.php(800): Illuminate\\Routing\\Router->runRouteWithinStack(Object(Illuminate\\Routing\\Route), Object(Illuminate\\Http\\Request))
#20 C:\\Users\\Приятный\\Desktop\\project\\unik\\web\\PHP_BAZA\\laravel\\vendor\\laravel\\framework\\src\\Illuminate\\Routing\\Router.php(764): Illuminate\\Routing\\Router->runRoute(Object(Illuminate\\Http\\Request), Object(Illuminate\\Routing\\Route))
#21 C:\\Users\\Приятный\\Desktop\\project\\unik\\web\\PHP_BAZA\\laravel\\vendor\\laravel\\framework\\src\\Illuminate\\Routing\\Router.php(753): Illuminate\\Routing\\Router->dispatchToRoute(Object(Illuminate\\Http\\Request))
#22 C:\\Users\\Приятный\\Desktop\\project\\unik\\web\\PHP_BAZA\\laravel\\vendor\\laravel\\framework\\src\\Illuminate\\Foundation\\Http\\Kernel.php(200): Illuminate\\Routing\\Router->dispatch(Object(Illuminate\\Http\\Request))
#23 C:\\Users\\Приятный\\Desktop\\project\\unik\\web\\PHP_BAZA\\laravel\\vendor\\laravel\\framework\\src\\Illuminate\\Pipeline\\Pipeline.php(180): Illuminate\\Foundation\\Http\\Kernel->{closure:Illuminate\\Foundation\\Http\\Kernel::dispatchToRouter():197}(Object(Illuminate\\Http\\Request))
#24 C:\\Users\\Приятный\\Desktop\\project\\unik\\web\\PHP_BAZA\\laravel\\vendor\\laravel\\framework\\src\\Illuminate\\Foundation\\Http\\Middleware\\TransformsRequest.php(21): Illuminate\\Pipeline\\Pipeline->{closure:Illuminate\\Pipeline\\Pipeline::prepareDestination():178}(Object(Illuminate\\Http\\Request))
#25 C:\\Users\\Приятный\\Desktop\\project\\unik\\web\\PHP_BAZA\\laravel\\vendor\\laravel\\framework\\src\\Illuminate\\Foundation\\Http\\Middleware\\ConvertEmptyStringsToNull.php(31): Illuminate\\Foundation\\Http\\Middleware\\TransformsRequest->handle(Object(Illuminate\\Http\\Request), Object(Closure))
#26 C:\\Users\\Приятный\\Desktop\\project\\unik\\web\\PHP_BAZA\\laravel\\vendor\\laravel\\framework\\src\\Illuminate\\Pipeline\\Pipeline.php(219): Illuminate\\Foundation\\Http\\Middleware\\ConvertEmptyStringsToNull->handle(Object(Illuminate\\Http\\Request), Object(Closure))
#27 C:\\Users\\Приятный\\Desktop\\project\\unik\\web\\PHP_BAZA\\laravel\\vendor\\laravel\\framework\\src\\Illuminate\\Foundation\\Http\\Middleware\\TransformsRequest.php(21): Illuminate\\Pipeline\\Pipeline->{closure:{closure:Illuminate\\Pipeline\\Pipeline::carry():194}:195}(Object(Illuminate\\Http\\Request))
#28 C:\\Users\\Приятный\\Desktop\\project\\unik\\web\\PHP_BAZA\\laravel\\vendor\\laravel\\framework\\src\\Illuminate\\Foundation\\Http\\Middleware\\TrimStrings.php(51): Illuminate\\Foundation\\Http\\Middleware\\TransformsRequest->handle(Object(Illuminate\\Http\\Request), Object(Closure))
#29 C:\\Users\\Приятный\\Desktop\\project\\unik\\web\\PHP_BAZA\\laravel\\vendor\\laravel\\framework\\src\\Illuminate\\Pipeline\\Pipeline.php(219): Illuminate\\Foundation\\Http\\Middleware\\TrimStrings->handle(Object(Illuminate\\Http\\Request), Object(Closure))
#30 C:\\Users\\Приятный\\Desktop\\project\\unik\\web\\PHP_BAZA\\laravel\\vendor\\laravel\\framework\\src\\Illuminate\\Http\\Middleware\\ValidatePostSize.php(27): Illuminate\\Pipeline\\Pipeline->{closure:{closure:Illuminate\\Pipeline\\Pipeline::carry():194}:195}(Object(Illuminate\\Http\\Request))
#31 C:\\Users\\Приятный\\Desktop\\project\\unik\\web\\PHP_BAZA\\laravel\\vendor\\laravel\\framework\\src\\Illuminate\\Pipeline\\Pipeline.php(219): Illuminate\\Http\\Middleware\\ValidatePostSize->handle(Object(Illuminate\\Http\\Request), Object(Closure))
#32 C:\\Users\\Приятный\\Desktop\\project\\unik\\web\\PHP_BAZA\\laravel\\vendor\\laravel\\framework\\src\\Illuminate\\Foundation\\Http\\Middleware\\PreventRequestsDuringMaintenance.php(109): Illuminate\\Pipeline\\Pipeline->{closure:{closure:Illuminate\\Pipeline\\Pipeline::carry():194}:195}(Object(Illuminate\\Http\\Request))
#33 C:\\Users\\Приятный\\Desktop\\project\\unik\\web\\PHP_BAZA\\laravel\\vendor\\laravel\\framework\\src\\Illuminate\\Pipeline\\Pipeline.php(219): Illuminate\\Foundation\\Http\\Middleware\\PreventRequestsDuringMaintenance->handle(Object(Illuminate\\Http\\Request), Object(Closure))
#34 C:\\Users\\Приятный\\Desktop\\project\\unik\\web\\PHP_BAZA\\laravel\\vendor\\laravel\\framework\\src\\Illuminate\\Http\\Middleware\\HandleCors.php(48): Illuminate\\Pipeline\\Pipeline->{closure:{closure:Illuminate\\Pipeline\\Pipeline::carry():194}:195}(Object(Illuminate\\Http\\Request))
#35 C:\\Users\\Приятный\\Desktop\\project\\unik\\web\\PHP_BAZA\\laravel\\vendor\\laravel\\framework\\src\\Illuminate\\Pipeline\\Pipeline.php(219): Illuminate\\Http\\Middleware\\HandleCors->handle(Object(Illuminate\\Http\\Request), Object(Closure))
#36 C:\\Users\\Приятный\\Desktop\\project\\unik\\web\\PHP_BAZA\\laravel\\vendor\\laravel\\framework\\src\\Illuminate\\Http\\Middleware\\TrustProxies.php(58): Illuminate\\Pipeline\\Pipeline->{closure:{closure:Illuminate\\Pipeline\\Pipeline::carry():194}:195}(Object(Illuminate\\Http\\Request))
#37 C:\\Users\\Приятный\\Desktop\\project\\unik\\web\\PHP_BAZA\\laravel\\vendor\\laravel\\framework\\src\\Illuminate\\Pipeline\\Pipeline.php(219): Illuminate\\Http\\Middleware\\TrustProxies->handle(Object(Illuminate\\Http\\Request), Object(Closure))
#38 C:\\Users\\Приятный\\Desktop\\project\\unik\\web\\PHP_BAZA\\laravel\\vendor\\laravel\\framework\\src\\Illuminate\\Foundation\\Http\\Middleware\\InvokeDeferredCallbacks.php(22): Illuminate\\Pipeline\\Pipeline->{closure:{closure:Illuminate\\Pipeline\\Pipeline::carry():194}:195}(Object(Illuminate\\Http\\Request))
#39 C:\\Users\\Приятный\\Desktop\\project\\unik\\web\\PHP_BAZA\\laravel\\vendor\\laravel\\framework\\src\\Illuminate\\Pipeline\\Pipeline.php(219): Illuminate\\Foundation\\Http\\Middleware\\InvokeDeferredCallbacks->handle(Object(Illuminate\\Http\\Request), Object(Closure))
#40 C:\\Users\\Приятный\\Desktop\\project\\unik\\web\\PHP_BAZA\\laravel\\vendor\\laravel\\framework\\src\\Illuminate\\Http\\Middleware\\ValidatePathEncoding.php(26): Illuminate\\Pipeline\\Pipeline->{closure:{closure:Illuminate\\Pipeline\\Pipeline::carry():194}:195}(Object(Illuminate\\Http\\Request))
#41 C:\\Users\\Приятный\\Desktop\\project\\unik\\web\\PHP_BAZA\\laravel\\vendor\\laravel\\framework\\src\\Illuminate\\Pipeline\\Pipeline.php(219): Illuminate\\Http\\Middleware\\ValidatePathEncoding->handle(Object(Illuminate\\Http\\Request), Object(Closure))
#42 C:\\Users\\Приятный\\Desktop\\project\\unik\\web\\PHP_BAZA\\laravel\\vendor\\laravel\\framework\\src\\Illuminate\\Pipeline\\Pipeline.php(137): Illuminate\\Pipeline\\Pipeline->{closure:{closure:Illuminate\\Pipeline\\Pipeline::carry():194}:195}(Object(Illuminate\\Http\\Request))
#43 C:\\Users\\Приятный\\Desktop\\project\\unik\\web\\PHP_BAZA\\laravel\\vendor\\laravel\\framework\\src\\Illuminate\\Foundation\\Http\\Kernel.php(175): Illuminate\\Pipeline\\Pipeline->then(Object(Closure))
#44 C:\\Users\\Приятный\\Desktop\\project\\unik\\web\\PHP_BAZA\\laravel\\vendor\\laravel\\framework\\src\\Illuminate\\Foundation\\Http\\Kernel.php(144): Illuminate\\Foundation\\Http\\Kernel->sendRequestThroughRouter(Object(Illuminate\\Http\\Request))
#45 C:\\Users\\Приятный\\Desktop\\project\\unik\\web\\PHP_BAZA\\laravel\\vendor\\laravel\\framework\\src\\Illuminate\\Foundation\\Application.php(1220): Illuminate\\Foundation\\Http\\Kernel->handle(Object(Illuminate\\Http\\Request))
#46 C:\\Users\\Приятный\\Desktop\\project\\unik\\web\\PHP_BAZA\\laravel\\public\\index.php(17): Illuminate\\Foundation\\Application->handleRequest(Object(Illuminate\\Http\\Request))
#47 {main}
"} 
[2025-12-21 04:21:02] laravel.EMERGENCY: Unable to create configured logger. Using emergency logger. {"exception":"[object] (InvalidArgumentException(code: 0): Invalid log level. at C:\\Users\\Приятный\\Desktop\\project\\unik\\web\\PHP_BAZA\\laravel\\vendor\\laravel\\framework\\src\\Illuminate\\Log\\ParsesLogConfiguration.php:49)
[stacktrace]
#0 C:\\Users\\Приятный\\Desktop\\project\\unik\\web\\PHP_BAZA\\laravel\\vendor\\laravel\\framework\\src\\Illuminate\\Log\\LogManager.php(308): Illuminate\\Log\\LogManager->level(Array)
#1 C:\\Users\\Приятный\\Desktop\\project\\unik\\web\\PHP_BAZA\\laravel\\vendor\\laravel\\framework\\src\\Illuminate\\Log\\LogManager.php(232): Illuminate\\Log\\LogManager->createSingleDriver(Array)
#2 C:\\Users\\Приятный\\Desktop\\project\\unik\\web\\PHP_BAZA\\laravel\\vendor\\laravel\\framework\\src\\Illuminate\\Log\\LogManager.php(138): Illuminate\\Log\\LogManager->resolve('single', Array)
#3 C:\\Users\\Приятный\\Desktop\\project\\unik\\web\\PHP_BAZA\\laravel\\vendor\\laravel\\framework\\src\\Illuminate\\Log\\LogManager.php(125): Illuminate\\Log\\LogManager->get('single')
#4 C:\\Users\\Приятный\\Desktop\\project\\unik\\web\\PHP_BAZA\\laravel\\vendor\\laravel\\framework\\src\\Illuminate\\Log\\LogManager.php(703): Illuminate\\Log\\LogManager->driver()
#5 C:\\Users\\Приятный\\Desktop\\project\\unik\\web\\PHP_BAZA\\laravel\\vendor\\laravel\\framework\\src\\Illuminate\\Foundation\\Exceptions\\Handler.php(402): Illuminate\\Log\\LogManager->error('No application ...', Array)
#6 C:\\Users\\Приятный\\Desktop\\project\\unik\\web\\PHP_BAZA\\laravel\\vendor\\laravel\\framework\\src\\Illuminate\\Foundation\\Exceptions\\Handler.php(365): Illuminate\\Foundation\\Exceptions\\Handler->reportThrowable(Object(Illuminate\\Encryption\\MissingAppKeyException))
#7 C:\\Users\\Приятный\\Desktop\\project\\unik\\web\\PHP_BAZA\\laravel\\vendor\\laravel\\framework\\src\\Illuminate\\Foundation\\Bootstrap\\HandleExceptions.php(186): Illuminate\\Foundation\\Exceptions\\Handler->report(Object(Illuminate\\Encryption\\MissingAppKeyException))
#8 C:\\Users\\Приятный\\Desktop\\project\\unik\\web\\PHP_BAZA\\laravel\\vendor\\laravel\\framework\\src\\Illuminate\\Foundation\\Bootstrap\\HandleExceptions.php(258): Illuminate\\Foundation\\Bootstrap\\HandleExceptions->handleException(Object(Illuminate\\Encryption\\MissingAppKeyException))
#9 [internal function]: Illuminate\\Foundation\\Bootstrap\\HandleExceptions->{closure:Illuminate\\Foundation\\Bootstrap\\HandleExceptions::forwardsTo():257}(Object(Illuminate\\Encryption\\MissingAppKeyException))
#10 {main}
"} 
[2025-12-21 04:21:02] laravel.ERROR: No application encryption key has been specified. {"exception":"[object] (Illuminate\\Encryption\\MissingAppKeyException(code: 0): No application encryption key has been specified. at C:\\Users\\Приятный\\Desktop\\project\\unik\\web\\PHP_BAZA\\laravel\\vendor\\laravel\\framework\\src\\Illuminate\\Encryption\\EncryptionServiceProvider.php:83)
[stacktrace]
#0 C:\\Users\\Приятный\\Desktop\\project\\unik\\web\\PHP_BAZA\\laravel\\vendor\\laravel\\framework\\src\\Illuminate\\Support\\helpers.php(390): Illuminate\\Encryption\\EncryptionServiceProvider->{closure:Illuminate\\Encryption\\EncryptionServiceProvider::key():81}(NULL)
#1 C:\\Users\\Приятный\\Desktop\\project\\unik\\web\\PHP_BAZA\\laravel\\vendor\\laravel\\framework\\src\\Illuminate\\Encryption\\EncryptionServiceProvider.php(81): tap(NULL, Object(Closure))
#2 C:\\Users\\Приятный\\Desktop\\project\\unik\\web\\PHP_BAZA\\laravel\\vendor\\laravel\\framework\\src\\Illuminate\\Encryption\\EncryptionServiceProvider.php(64): Illuminate\\Encryption\\EncryptionServiceProvider->key(Array)
#3 C:\\Users\\Приятный\\Desktop\\project\\unik\\web\\PHP_BAZA\\laravel\\vendor\\laravel\\framework\\src\\Illuminate\\Encryption\\EncryptionServiceProvider.php(32): Illuminate\\Encryption\\EncryptionServiceProvider->parseKey(Array)
#4 C:\\Users\\Приятный\\Desktop\\project\\unik\\web\\PHP_BAZA\\laravel\\vendor\\laravel\\framework\\src\\Illuminate\\Container\\Container.php(1115): Illuminate\\Encryption\\EncryptionServiceProvider->{closure:Illuminate\\Encryption\\EncryptionServiceProvider::registerEncrypter():29}(Object(Illuminate\\Foundation\\Application), Array)
#5 C:\\Users\\Приятный\\Desktop\\project\\unik\\web\\PHP_BAZA\\laravel\\vendor\\laravel\\framework\\src\\Illuminate\\Container\\Container.php(933): Illuminate\\Container\\Container->build(Object(Closure))
#6 C:\\Users\\Приятный\\Desktop\\project\\unik\\web\\PHP_BAZA\\laravel\\vendor\\laravel\\framework\\src\\Illuminate\\Foundation\\Application.php(1078): Illuminate\\Container\\Container->resolve('encrypter', Array, true)
#7 C:\\Users\\Приятный\\Desktop\\project\\unik\\web\\PHP_BAZA\\laravel\\vendor\\laravel\\framework\\src\\Illuminate\\Container\\Container.php(864): Illuminate\\Foundation\\Application->resolve('encrypter', Array)
#8 C:\\Users\\Приятный\\Desktop\\project\\unik\\web\\PHP_BAZA\\laravel\\vendor\\laravel\\framework\\src\\Illuminate\\Foundation\\Application.php(1058): Illuminate\\Container\\Container->make('encrypter', Array)
#9 C:\\Users\\Приятный\\Desktop\\project\\unik\\web\\PHP_BAZA\\laravel\\vendor\\laravel\\framework\\src\\Illuminate\\Container\\Container.php(1338): Illuminate\\Foundation\\Application->make('encrypter')
#10 C:\\Users\\Приятный\\Desktop\\project\\unik\\web\\PHP_BAZA\\laravel\\vendor\\laravel\\framework\\src\\Illuminate\\Container\\Container.php(1239): Illuminate\\Container\\Container->resolveClass(Object(ReflectionParameter))
#11 C:\\Users\\Приятный\\Desktop\\project\\unik\\web\\PHP_BAZA\\laravel\\vendor\\laravel\\framework\\src\\Illuminate\\Container\\Container.php(1162): Illuminate\\Container\\Container->resolveDependencies(Array)
#12 C:\\Users\\Приятный\\Desktop\\project\\unik\\web\\PHP_BAZA\\laravel\\vendor\\laravel\\framework\\src\\Illuminate\\Container\\Container.php(933): Illuminate\\Container\\Container->build('Illuminate\\\\Cook...')
#13 C:\\Users\\Приятный\\Desktop\\project\\unik\\web\\PHP_BAZA\\laravel\\vendor\\laravel\\framework\\src\\Illuminate\\Foundation\\Application.php(1078): Illuminate\\Container\\Container->resolve('Illuminate\\\\Cook...', Array, true)
#14 C:\\Users\\Приятный\\Desktop\\project\\unik\\web\\PHP_BAZA\\laravel\\vendor\\laravel\\framework\\src\\Illuminate\\Container\\Container.php(864): Illuminate\\Foundation\\Application->resolve('Illuminate\\\\Cook...', Array)
#15 C:\\Users\\Приятный\\Desktop\\project\\unik\\web\\PHP_BAZA\\laravel\\vendor\\laravel\\framework\\src\\Illuminate\\Foundation\\Application.php(1058): Illuminate\\Container\\Container->make('Illuminate\\\\Cook...', Array)
#16 C:\\Users\\Приятный\\Desktop\\project\\unik\\web\\PHP_BAZA\\laravel\\vendor\\laravel\\framework\\src\\Illuminate\\Foundation\\Http\\Kernel.php(257): Illuminate\\Foundation\\Application->make('Illuminate\\\\Cook...')
#17 C:\\Users\\Приятный\\Desktop\\project\\unik\\web\\PHP_BAZA\\laravel\\vendor\\laravel\\framework\\src\\Illuminate\\Foundation\\Http\\Kernel.php(215): Illuminate\\Foundation\\Http\\Kernel->terminateMiddleware(Object(Illuminate\\Http\\Request), Object(Illuminate\\Http\\Response))
#18 C:\\Users\\Приятный\\Desktop\\project\\unik\\web\\PHP_BAZA\\laravel\\vendor\\laravel\\framework\\src\\Illuminate\\Foundation\\Application.php(1222): Illuminate\\Foundation\\Http\\Kernel->terminate(Object(Illuminate\\Http\\Request), Object(Illuminate\\Http\\Response))
#19 C:\\Users\\Приятный\\Desktop\\project\\unik\\web\\PHP_BAZA\\laravel\\public\\index.php(17): Illuminate\\Foundation\\Application->handleRequest(Object(Illuminate\\Http\\Request))
#20 {main}
"} 
[2025-12-21 04:21:11] local.ERROR: SQLSTATE[42S22]: Column not found: 1054 Unknown column 'updated_at' in 'field list' (Connection: mysql, SQL: insert into `tasks` (`title`, `completed`, `updated_at`, `created_at`) values (dsasdasda, 0, 2025-12-21 04:21:11, 2025-12-21 04:21:11)) {"exception":"[object] (Illuminate\\Database\\QueryException(code: 42S22): SQLSTATE[42S22]: Column not found: 1054 Unknown column 'updated_at' in 'field list' (Connection: mysql, SQL: insert into `tasks` (`title`, `completed`, `updated_at`, `created_at`) values (dsasdasda, 0, 2025-12-21 04:21:11, 2025-12-21 04:21:11)) at C:\\Users\\Приятный\\Desktop\\project\\unik\\web\\PHP_BAZA\\laravel\\vendor\\laravel\\framework\\src\\Illuminate\\Database\\Connection.php:826)
[stacktrace]
#0 C:\\Users\\Приятный\\Desktop\\project\\unik\\web\\PHP_BAZA\\laravel\\vendor\\laravel\\framework\\src\\Illuminate\\Database\\Connection.php(780): Illuminate\\Database\\Connection->runQueryCallback('insert into `ta...', Array, Object(Closure))
#1 C:\\Users\\Приятный\\Desktop\\project\\unik\\web\\PHP_BAZA\\laravel\\vendor\\laravel\\framework\\src\\Illuminate\\Database\\MySqlConnection.php(42): Illuminate\\Database\\Connection->run('insert into `ta...', Array, Object(Closure))
#2 C:\\Users\\Приятный\\Desktop\\project\\unik\\web\\PHP_BAZA\\laravel\\vendor\\laravel\\framework\\src\\Illuminate\\Database\\Query\\Processors\\MySqlProcessor.php(35): Illuminate\\Database\\MySqlConnection->insert('insert into `ta...', Array, 'id')
#3 C:\\Users\\Приятный\\Desktop\\project\\unik\\web\\PHP_BAZA\\laravel\\vendor\\laravel\\framework\\src\\Illuminate\\Database\\Query\\Builder.php(3853): Illuminate\\Database\\Query\\Processors\\MySqlProcessor->processInsertGetId(Object(Illuminate\\Database\\Query\\Builder), 'insert into `ta...', Array, 'id')
#4 C:\\Users\\Приятный\\Desktop\\project\\unik\\web\\PHP_BAZA\\laravel\\vendor\\laravel\\framework\\src\\Illuminate\\Database\\Eloquent\\Builder.php(2235): Illuminate\\Database\\Query\\Builder->insertGetId(Array, 'id')
#5 C:\\Users\\Приятный\\Desktop\\project\\unik\\web\\PHP_BAZA\\laravel\\vendor\\laravel\\framework\\src\\Illuminate\\Database\\Eloquent\\Model.php(1436): Illuminate\\Database\\Eloquent\\Builder->__call('insertGetId', Array)
#6 C:\\Users\\Приятный\\Desktop\\project\\unik\\web\\PHP_BAZA\\laravel\\vendor\\laravel\\framework\\src\\Illuminate\\Database\\Eloquent\\Model.php(1401): Illuminate\\Database\\Eloquent\\Model->insertAndSetId(Object(Illuminate\\Database\\Eloquent\\Builder), Array)
#7 C:\\Users\\Приятный\\Desktop\\project\\unik\\web\\PHP_BAZA\\laravel\\vendor\\laravel\\framework\\src\\Illuminate\\Database\\Eloquent\\Model.php(1240): Illuminate\\Database\\Eloquent\\Model->performInsert(Object(Illuminate\\Database\\Eloquent\\Builder))
#8 C:\\Users\\Приятный\\Desktop\\project\\unik\\web\\PHP_BAZA\\laravel\\vendor\\laravel\\framework\\src\\Illuminate\\Database\\Eloquent\\Builder.php(1219): Illuminate\\Database\\Eloquent\\Model->save()
#9 C:\\Users\\Приятный\\Desktop\\project\\unik\\web\\PHP_BAZA\\laravel\\vendor\\laravel\\framework\\src\\Illuminate\\Support\\helpers.php(390): Illuminate\\Database\\Eloquent\\Builder->{closure:Illuminate\\Database\\Eloquent\\Builder::create():1218}(Object(App\\Models\\Task))
#10 C:\\Users\\Приятный\\Desktop\\project\\unik\\web\\PHP_BAZA\\laravel\\vendor\\laravel\\framework\\src\\Illuminate\\Database\\Eloquent\\Builder.php(1218): tap(Object(App\\Models\\Task), Object(Closure))
#11 C:\\Users\\Приятный\\Desktop\\project\\unik\\web\\PHP_BAZA\\laravel\\vendor\\laravel\\framework\\src\\Illuminate\\Support\\Traits\\ForwardsCalls.php(23): Illuminate\\Database\\Eloquent\\Builder->create(Array)
#12 C:\\Users\\Приятный\\Desktop\\project\\unik\\web\\PHP_BAZA\\laravel\\vendor\\laravel\\framework\\src\\Illuminate\\Database\\Eloquent\\Model.php(2540): Illuminate\\Database\\Eloquent\\Model->forwardCallTo(Object(Illuminate\\Database\\Eloquent\\Builder), 'create', Array)
#13 C:\\Users\\Приятный\\Desktop\\project\\unik\\web\\PHP_BAZA\\laravel\\vendor\\laravel\\framework\\src\\Illuminate\\Database\\Eloquent\\Model.php(2556): Illuminate\\Database\\Eloquent\\Model->__call('create', Array)
#14 C:\\Users\\Приятный\\Desktop\\project\\unik\\web\\PHP_BAZA\\laravel\\app\\Http\\Controllers\\TaskController.php(25): Illuminate\\Database\\Eloquent\\Model::__callStatic('create', Array)
#15 C:\\Users\\Приятный\\Desktop\\project\\unik\\web\\PHP_BAZA\\laravel\\vendor\\laravel\\framework\\src\\Illuminate\\Routing\\ControllerDispatcher.php(46): App\\Http\\Controllers\\TaskController->add(Object(Illuminate\\Http\\Request))
#16 C:\\Users\\Приятный\\Desktop\\project\\unik\\web\\PHP_BAZA\\laravel\\vendor\\laravel\\framework\\src\\Illuminate\\Routing\\Route.php(265): Illuminate\\Routing\\ControllerDispatcher->dispatch(Object(Illuminate\\Routing\\Route), Object(App\\Http\\Controllers\\TaskController), 'add')
#17 C:\\Users\\Приятный\\Desktop\\project\\unik\\web\\PHP_BAZA\\laravel\\vendor\\laravel\\framework\\src\\Illuminate\\Routing\\Route.php(211): Illuminate\\Routing\\Route->runController()
#18 C:\\Users\\Приятный\\Desktop\\project\\unik\\web\\PHP_BAZA\\laravel\\vendor\\laravel\\framework\\src\\Illuminate\\Routing\\Router.php(822): Illuminate\\Routing\\Route->run()
#19 C:\\Users\\Приятный\\Desktop\\project\\unik\\web\\PHP_BAZA\\laravel\\vendor\\laravel\\framework\\src\\Illuminate\\Pipeline\\Pipeline.php(180): Illuminate\\Routing\\Router->{closure:Illuminate\\Routing\\Router::runRouteWithinStack():821}(Object(Illuminate\\Http\\Request))
#20 C:\\Users\\Приятный\\Desktop\\project\\unik\\web\\PHP_BAZA\\laravel\\vendor\\laravel\\framework\\src\\Illuminate\\Routing\\Middleware\\SubstituteBindings.php(50): Illuminate\\Pipeline\\Pipeline->{closure:Illuminate\\Pipeline\\Pipeline::prepareDestination():178}(Object(Illuminate\\Http\\Request))
#21 C:\\Users\\Приятный\\Desktop\\project\\unik\\web\\PHP_BAZA\\laravel\\vendor\\laravel\\framework\\src\\Illuminate\\Pipeline\\Pipeline.php(219): Illuminate\\Routing\\Middleware\\SubstituteBindings->handle(Object(Illuminate\\Http\\Request), Object(Closure))
#22 C:\\Users\\Приятный\\Desktop\\project\\unik\\web\\PHP_BAZA\\laravel\\vendor\\laravel\\framework\\src\\Illuminate\\Foundation\\Http\\Middleware\\VerifyCsrfToken.php(87): Illuminate\\Pipeline\\Pipeline->{closure:{closure:Illuminate\\Pipeline\\Pipeline::carry():194}:195}(Object(Illuminate\\Http\\Request))
#23 C:\\Users\\Приятный\\Desktop\\project\\unik\\web\\PHP_BAZA\\laravel\\vendor\\laravel\\framework\\src\\Illuminate\\Pipeline\\Pipeline.php(219): Illuminate\\Foundation\\Http\\Middleware\\VerifyCsrfToken->handle(Object(Illuminate\\Http\\Request), Object(Closure))
#24 C:\\Users\\Приятный\\Desktop\\project\\unik\\web\\PHP_BAZA\\laravel\\vendor\\laravel\\framework\\src\\Illuminate\\View\\Middleware\\ShareErrorsFromSession.php(48): Illuminate\\Pipeline\\Pipeline->{closure:{closure:Illuminate\\Pipeline\\Pipeline::carry():194}:195}(Object(Illuminate\\Http\\Request))
#25 C:\\Users\\Приятный\\Desktop\\project\\unik\\web\\PHP_BAZA\\laravel\\vendor\\laravel\\framework\\src\\Illuminate\\Pipeline\\Pipeline.php(219): Illuminate\\View\\Middleware\\ShareErrorsFromSession->handle(Object(Illuminate\\Http\\Request), Object(Closure))
#26 C:\\Users\\Приятный\\Desktop\\project\\unik\\web\\PHP_BAZA\\laravel\\vendor\\laravel\\framework\\src\\Illuminate\\Session\\Middleware\\StartSession.php(120): Illuminate\\Pipeline\\Pipeline->{closure:{closure:Illuminate\\Pipeline\\Pipeline::carry():194}:195}(Object(Illuminate\\Http\\Request))
#27 C:\\Users\\Приятный\\Desktop\\project\\unik\\web\\PHP_BAZA\\laravel\\vendor\\laravel\\framework\\src\\Illuminate\\Session\\Middleware\\StartSession.php(63): Illuminate\\Session\\Middleware\\StartSession->handleStatefulRequest(Object(Illuminate\\Http\\Request), Object(Illuminate\\Session\\Store), Object(Closure))
#28 C:\\Users\\Приятный\\Desktop\\project\\unik\\web\\PHP_BAZA\\laravel\\vendor\\laravel\\framework\\src\\Illuminate\\Pipeline\\Pipeline.php(219): Illuminate\\Session\\Middleware\\StartSession->handle(Object(Illuminate\\Http\\Request), Object(Closure))
#29 C:\\Users\\Приятный\\Desktop\\project\\unik\\web\\PHP_BAZA\\laravel\\vendor\\laravel\\framework\\src\\Illuminate\\Cookie\\Middleware\\AddQueuedCookiesToResponse.php(36): Illuminate\\Pipeline\\Pipeline->{closure:{closure:Illuminate\\Pipeline\\Pipeline::carry():194}:195}(Object(Illuminate\\Http\\Request))
#30 C:\\Users\\Приятный\\Desktop\\project\\unik\\web\\PHP_BAZA\\laravel\\vendor\\laravel\\framework\\src\\Illuminate\\Pipeline\\Pipeline.php(219): Illuminate\\Cookie\\Middleware\\AddQueuedCookiesToResponse->handle(Object(Illuminate\\Http\\Request), Object(Closure))
#31 C:\\Users\\Приятный\\Desktop\\project\\unik\\web\\PHP_BAZA\\laravel\\vendor\\laravel\\framework\\src\\Illuminate\\Cookie\\Middleware\\EncryptCookies.php(74): Illuminate\\Pipeline\\Pipeline->{closure:{closure:Illuminate\\Pipeline\\Pipeline::carry():194}:195}(Object(Illuminate\\Http\\Request))
#32 C:\\Users\\Приятный\\Desktop\\project\\unik\\web\\PHP_BAZA\\laravel\\vendor\\laravel\\framework\\src\\Illuminate\\Pipeline\\Pipeline.php(219): Illuminate\\Cookie\\Middleware\\EncryptCookies->handle(Object(Illuminate\\Http\\Request), Object(Closure))
#33 C:\\Users\\Приятный\\Desktop\\project\\unik\\web\\PHP_BAZA\\laravel\\vendor\\laravel\\framework\\src\\Illuminate\\Pipeline\\Pipeline.php(137): Illuminate\\Pipeline\\Pipeline->{closure:{closure:Illuminate\\Pipeline\\Pipeline::carry():194}:195}(Object(Illuminate\\Http\\Request))
#34 C:\\Users\\Приятный\\Desktop\\project\\unik\\web\\PHP_BAZA\\laravel\\vendor\\laravel\\framework\\src\\Illuminate\\Routing\\Router.php(821): Illuminate\\Pipeline\\Pipeline->then(Object(Closure))
#35 C:\\Users\\Приятный\\Desktop\\project\\unik\\web\\PHP_BAZA\\laravel\\vendor\\laravel\\framework\\src\\Illuminate\\Routing\\Router.php(800): Illuminate\\Routing\\Router->runRouteWithinStack(Object(Illuminate\\Routing\\Route), Object(Illuminate\\Http\\Request))
#36 C:\\Users\\Приятный\\Desktop\\project\\unik\\web\\PHP_BAZA\\laravel\\vendor\\laravel\\framework\\src\\Illuminate\\Routing\\Router.php(764): Illuminate\\Routing\\Router->runRoute(Object(Illuminate\\Http\\Request), Object(Illuminate\\Routing\\Route))
#37 C:\\Users\\Приятный\\Desktop\\project\\unik\\web\\PHP_BAZA\\laravel\\vendor\\laravel\\framework\\src\\Illuminate\\Routing\\Router.php(753): Illuminate\\Routing\\Router->dispatchToRoute(Object(Illuminate\\Http\\Request))
#38 C:\\Users\\Приятный\\Desktop\\project\\unik\\web\\PHP_BAZA\\laravel\\vendor\\laravel\\framework\\src\\Illuminate\\Foundation\\Http\\Kernel.php(200): Illuminate\\Routing\\Router->dispatch(Object(Illuminate\\Http\\Request))
#39 C:\\Users\\Приятный\\Desktop\\project\\unik\\web\\PHP_BAZA\\laravel\\vendor\\laravel\\framework\\src\\Illuminate\\Pipeline\\Pipeline.php(180): Illuminate\\Foundation\\Http\\Kernel->{closure:Illuminate\\Foundation\\Http\\Kernel::dispatchToRouter():197}(Object(Illuminate\\Http\\Request))
#40 C:\\Users\\Приятный\\Desktop\\project\\unik\\web\\PHP_BAZA\\laravel\\vendor\\laravel\\framework\\src\\Illuminate\\Foundation\\Http\\Middleware\\TransformsRequest.php(21): Illuminate\\Pipeline\\Pipeline->{closure:Illuminate\\Pipeline\\Pipeline::prepareDestination():178}(Object(Illuminate\\Http\\Request))
#41 C:\\Users\\Приятный\\Desktop\\project\\unik\\web\\PHP_BAZA\\laravel\\vendor\\laravel\\framework\\src\\Illuminate\\Foundation\\Http\\Middleware\\ConvertEmptyStringsToNull.php(31): Illuminate\\Foundation\\Http\\Middleware\\TransformsRequest->handle(Object(Illuminate\\Http\\Request), Object(Closure))
#42 C:\\Users\\Приятный\\Desktop\\project\\unik\\web\\PHP_BAZA\\laravel\\vendor\\laravel\\framework\\src\\Illuminate\\Pipeline\\Pipeline.php(219): Illuminate\\Foundation\\Http\\Middleware\\ConvertEmptyStringsToNull->handle(Object(Illuminate\\Http\\Request), Object(Closure))
#43 C:\\Users\\Приятный\\Desktop\\project\\unik\\web\\PHP_BAZA\\laravel\\vendor\\laravel\\framework\\src\\Illuminate\\Foundation\\Http\\Middleware\\TransformsRequest.php(21): Illuminate\\Pipeline\\Pipeline->{closure:{closure:Illuminate\\Pipeline\\Pipeline::carry():194}:195}(Object(Illuminate\\Http\\Request))
#44 C:\\Users\\Приятный\\Desktop\\project\\unik\\web\\PHP_BAZA\\laravel\\vendor\\laravel\\framework\\src\\Illuminate\\Foundation\\Http\\Middleware\\TrimStrings.php(51): Illuminate\\Foundation\\Http\\Middleware\\TransformsRequest->handle(Object(Illuminate\\Http\\Request), Object(Closure))
#45 C:\\Users\\Приятный\\Desktop\\project\\unik\\web\\PHP_BAZA\\laravel\\vendor\\laravel\\framework\\src\\Illuminate\\Pipeline\\Pipeline.php(219): Illuminate\\Foundation\\Http\\Middleware\\TrimStrings->handle(Object(Illuminate\\Http\\Request), Object(Closure))
#46 C:\\Users\\Приятный\\Desktop\\project\\unik\\web\\PHP_BAZA\\laravel\\vendor\\laravel\\framework\\src\\Illuminate\\Http\\Middleware\\ValidatePostSize.php(27): Illuminate\\Pipeline\\Pipeline->{closure:{closure:Illuminate\\Pipeline\\Pipeline::carry():194}:195}(Object(Illuminate\\Http\\Request))
#47 C:\\Users\\Приятный\\Desktop\\project\\unik\\web\\PHP_BAZA\\laravel\\vendor\\laravel\\framework\\src\\Illuminate\\Pipeline\\Pipeline.php(219): Illuminate\\Http\\Middleware\\ValidatePostSize->handle(Object(Illuminate\\Http\\Request), Object(Closure))
#48 C:\\Users\\Приятный\\Desktop\\project\\unik\\web\\PHP_BAZA\\laravel\\vendor\\laravel\\framework\\src\\Illuminate\\Foundation\\Http\\Middleware\\PreventRequestsDuringMaintenance.php(109): Illuminate\\Pipeline\\Pipeline->{closure:{closure:Illuminate\\Pipeline\\Pipeline::carry():194}:195}(Object(Illuminate\\Http\\Request))
#49 C:\\Users\\Приятный\\Desktop\\project\\unik\\web\\PHP_BAZA\\laravel\\vendor\\laravel\\framework\\src\\Illuminate\\Pipeline\\Pipeline.php(219): Illuminate\\Foundation\\Http\\Middleware\\PreventRequestsDuringMaintenance->handle(Object(Illuminate\\Http\\Request), Object(Closure))
#50 C:\\Users\\Приятный\\Desktop\\project\\unik\\web\\PHP_BAZA\\laravel\\vendor\\laravel\\framework\\src\\Illuminate\\Http\\Middleware\\HandleCors.php(48): Illuminate\\Pipeline\\Pipeline->{closure:{closure:Illuminate\\Pipeline\\Pipeline::carry():194}:195}(Object(Illuminate\\Http\\Request))
#51 C:\\Users\\Приятный\\Desktop\\project\\unik\\web\\PHP_BAZA\\laravel\\vendor\\laravel\\framework\\src\\Illuminate\\Pipeline\\Pipeline.php(219): Illuminate\\Http\\Middleware\\HandleCors->handle(Object(Illuminate\\Http\\Request), Object(Closure))
#52 C:\\Users\\Приятный\\Desktop\\project\\unik\\web\\PHP_BAZA\\laravel\\vendor\\laravel\\framework\\src\\Illuminate\\Http\\Middleware\\TrustProxies.php(58): Illuminate\\Pipeline\\Pipeline->{closure:{closure:Illuminate\\Pipeline\\Pipeline::carry():194}:195}(Object(Illuminate\\Http\\Request))
#53 C:\\Users\\Приятный\\Desktop\\project\\unik\\web\\PHP_BAZA\\laravel\\vendor\\laravel\\framework\\src\\Illuminate\\Pipeline\\Pipeline.php(219): Illuminate\\Http\\Middleware\\TrustProxies->handle(Object(Illuminate\\Http\\Request), Object(Closure))
#54 C:\\Users\\Приятный\\Desktop\\project\\unik\\web\\PHP_BAZA\\laravel\\vendor\\laravel\\framework\\src\\Illuminate\\Foundation\\Http\\Middleware\\InvokeDeferredCallbacks.php(22): Illuminate\\Pipeline\\Pipeline->{closure:{closure:Illuminate\\Pipeline\\Pipeline::carry():194}:195}(Object(Illuminate\\Http\\Request))
#55 C:\\Users\\Приятный\\Desktop\\project\\unik\\web\\PHP_BAZA\\laravel\\vendor\\laravel\\framework\\src\\Illuminate\\Pipeline\\Pipeline.php(219): Illuminate\\Foundation\\Http\\Middleware\\InvokeDeferredCallbacks->handle(Object(Illuminate\\Http\\Request), Object(Closure))
#56 C:\\Users\\Приятный\\Desktop\\project\\unik\\web\\PHP_BAZA\\laravel\\vendor\\laravel\\framework\\src\\Illuminate\\Http\\Middleware\\ValidatePathEncoding.php(26): Illuminate\\Pipeline\\Pipeline->{closure:{closure:Illuminate\\Pipeline\\Pipeline::carry():194}:195}(Object(Illuminate\\Http\\Request))
#57 C:\\Users\\Приятный\\Desktop\\project\\unik\\web\\PHP_BAZA\\laravel\\vendor\\laravel\\framework\\src\\Illuminate\\Pipeline\\Pipeline.php(219): Illuminate\\Http\\Middleware\\ValidatePathEncoding->handle(Object(Illuminate\\Http\\Request), Object(Closure))
#58 C:\\Users\\Приятный\\Desktop\\project\\unik\\web\\PHP_BAZA\\laravel\\vendor\\laravel\\framework\\src\\Illuminate\\Pipeline\\Pipeline.php(137): Illuminate\\Pipeline\\Pipeline->{closure:{closure:Illuminate\\Pipeline\\Pipeline::carry():194}:195}(Object(Illuminate\\Http\\Request))
#59 C:\\Users\\Приятный\\Desktop\\project\\unik\\web\\PHP_BAZA\\laravel\\vendor\\laravel\\framework\\src\\Illuminate\\Foundation\\Http\\Kernel.php(175): Illuminate\\Pipeline\\Pipeline->then(Object(Closure))
#60 C:\\Users\\Приятный\\Desktop\\project\\unik\\web\\PHP_BAZA\\laravel\\vendor\\laravel\\framework\\src\\Illuminate\\Foundation\\Http\\Kernel.php(144): Illuminate\\Foundation\\Http\\Kernel->sendRequestThroughRouter(Object(Illuminate\\Http\\Request))
#61 C:\\Users\\Приятный\\Desktop\\project\\unik\\web\\PHP_BAZA\\laravel\\vendor\\laravel\\framework\\src\\Illuminate\\Foundation\\Application.php(1220): Illuminate\\Foundation\\Http\\Kernel->handle(Object(Illuminate\\Http\\Request))
#62 C:\\Users\\Приятный\\Desktop\\project\\unik\\web\\PHP_BAZA\\laravel\\public\\index.php(17): Illuminate\\Foundation\\Application->handleRequest(Object(Illuminate\\Http\\Request))
#63 {main}

[previous exception] [object] (PDOException(code: 42S22): SQLSTATE[42S22]: Column not found: 1054 Unknown column 'updated_at' in 'field list' at C:\\Users\\Приятный\\Desktop\\project\\unik\\web\\PHP_BAZA\\laravel\\vendor\\laravel\\framework\\src\\Illuminate\\Database\\MySqlConnection.php:47)
[stacktrace]
#0 C:\\Users\\Приятный\\Desktop\\project\\unik\\web\\PHP_BAZA\\laravel\\vendor\\laravel\\framework\\src\\Illuminate\\Database\\MySqlConnection.php(47): PDO->prepare('insert into `ta...')
#1 C:\\Users\\Приятный\\Desktop\\project\\unik\\web\\PHP_BAZA\\laravel\\vendor\\laravel\\framework\\src\\Illuminate\\Database\\Connection.php(813): Illuminate\\Database\\MySqlConnection->{closure:Illuminate\\Database\\MySqlConnection::insert():42}('insert into `ta...', Array)
#2 C:\\Users\\Приятный\\Desktop\\project\\unik\\web\\PHP_BAZA\\laravel\\vendor\\laravel\\framework\\src\\Illuminate\\Database\\Connection.php(780): Illuminate\\Database\\Connection->runQueryCallback('insert into `ta...', Array, Object(Closure))
#3 C:\\Users\\Приятный\\Desktop\\project\\unik\\web\\PHP_BAZA\\laravel\\vendor\\laravel\\framework\\src\\Illuminate\\Database\\MySqlConnection.php(42): Illuminate\\Database\\Connection->run('insert into `ta...', Array, Object(Closure))
#4 C:\\Users\\Приятный\\Desktop\\project\\unik\\web\\PHP_BAZA\\laravel\\vendor\\laravel\\framework\\src\\Illuminate\\Database\\Query\\Processors\\MySqlProcessor.php(35): Illuminate\\Database\\MySqlConnection->insert('insert into `ta...', Array, 'id')
#5 C:\\Users\\Приятный\\Desktop\\project\\unik\\web\\PHP_BAZA\\laravel\\vendor\\laravel\\framework\\src\\Illuminate\\Database\\Query\\Builder.php(3853): Illuminate\\Database\\Query\\Processors\\MySqlProcessor->processInsertGetId(Object(Illuminate\\Database\\Query\\Builder), 'insert into `ta...', Array, 'id')
#6 C:\\Users\\Приятный\\Desktop\\project\\unik\\web\\PHP_BAZA\\laravel\\vendor\\laravel\\framework\\src\\Illuminate\\Database\\Eloquent\\Builder.php(2235): Illuminate\\Database\\Query\\Builder->insertGetId(Array, 'id')
#7 C:\\Users\\Приятный\\Desktop\\project\\unik\\web\\PHP_BAZA\\laravel\\vendor\\laravel\\framework\\src\\Illuminate\\Database\\Eloquent\\Model.php(1436): Illuminate\\Database\\Eloquent\\Builder->__call('insertGetId', Array)
#8 C:\\Users\\Приятный\\Desktop\\project\\unik\\web\\PHP_BAZA\\laravel\\vendor\\laravel\\framework\\src\\Illuminate\\Database\\Eloquent\\Model.php(1401): Illuminate\\Database\\Eloquent\\Model->insertAndSetId(Object(Illuminate\\Database\\Eloquent\\Builder), Array)
#9 C:\\Users\\Приятный\\Desktop\\project\\unik\\web\\PHP_BAZA\\laravel\\vendor\\laravel\\framework\\src\\Illuminate\\Database\\Eloquent\\Model.php(1240): Illuminate\\Database\\Eloquent\\Model->performInsert(Object(Illuminate\\Database\\Eloquent\\Builder))
#10 C:\\Users\\Приятный\\Desktop\\project\\unik\\web\\PHP_BAZA\\laravel\\vendor\\laravel\\framework\\src\\Illuminate\\Database\\Eloquent\\Builder.php(1219): Illuminate\\Database\\Eloquent\\Model->save()
#11 C:\\Users\\Приятный\\Desktop\\project\\unik\\web\\PHP_BAZA\\laravel\\vendor\\laravel\\framework\\src\\Illuminate\\Support\\helpers.php(390): Illuminate\\Database\\Eloquent\\Builder->{closure:Illuminate\\Database\\Eloquent\\Builder::create():1218}(Object(App\\Models\\Task))
#12 C:\\Users\\Приятный\\Desktop\\project\\unik\\web\\PHP_BAZA\\laravel\\vendor\\laravel\\framework\\src\\Illuminate\\Database\\Eloquent\\Builder.php(1218): tap(Object(App\\Models\\Task), Object(Closure))
#13 C:\\Users\\Приятный\\Desktop\\project\\unik\\web\\PHP_BAZA\\laravel\\vendor\\laravel\\framework\\src\\Illuminate\\Support\\Traits\\ForwardsCalls.php(23): Illuminate\\Database\\Eloquent\\Builder->create(Array)
#14 C:\\Users\\Приятный\\Desktop\\project\\unik\\web\\PHP_BAZA\\laravel\\vendor\\laravel\\framework\\src\\Illuminate\\Database\\Eloquent\\Model.php(2540): Illuminate\\Database\\Eloquent\\Model->forwardCallTo(Object(Illuminate\\Database\\Eloquent\\Builder), 'create', Array)
#15 C:\\Users\\Приятный\\Desktop\\project\\unik\\web\\PHP_BAZA\\laravel\\vendor\\laravel\\framework\\src\\Illuminate\\Database\\Eloquent\\Model.php(2556): Illuminate\\Database\\Eloquent\\Model->__call('create', Array)
#16 C:\\Users\\Приятный\\Desktop\\project\\unik\\web\\PHP_BAZA\\laravel\\app\\Http\\Controllers\\TaskController.php(25): Illuminate\\Database\\Eloquent\\Model::__callStatic('create', Array)
#17 C:\\Users\\Приятный\\Desktop\\project\\unik\\web\\PHP_BAZA\\laravel\\vendor\\laravel\\framework\\src\\Illuminate\\Routing\\ControllerDispatcher.php(46): App\\Http\\Controllers\\TaskController->add(Object(Illuminate\\Http\\Request))
#18 C:\\Users\\Приятный\\Desktop\\project\\unik\\web\\PHP_BAZA\\laravel\\vendor\\laravel\\framework\\src\\Illuminate\\Routing\\Route.php(265): Illuminate\\Routing\\ControllerDispatcher->dispatch(Object(Illuminate\\Routing\\Route), Object(App\\Http\\Controllers\\TaskController), 'add')
#19 C:\\Users\\Приятный\\Desktop\\project\\unik\\web\\PHP_BAZA\\laravel\\vendor\\laravel\\framework\\src\\Illuminate\\Routing\\Route.php(211): Illuminate\\Routing\\Route->runController()
#20 C:\\Users\\Приятный\\Desktop\\project\\unik\\web\\PHP_BAZA\\laravel\\vendor\\laravel\\framework\\src\\Illuminate\\Routing\\Router.php(822): Illuminate\\Routing\\Route->run()
#21 C:\\Users\\Приятный\\Desktop\\project\\unik\\web\\PHP_BAZA\\laravel\\vendor\\laravel\\framework\\src\\Illuminate\\Pipeline\\Pipeline.php(180): Illuminate\\Routing\\Router->{closure:Illuminate\\Routing\\Router::runRouteWithinStack():821}(Object(Illuminate\\Http\\Request))
#22 C:\\Users\\Приятный\\Desktop\\project\\unik\\web\\PHP_BAZA\\laravel\\vendor\\laravel\\framework\\src\\Illuminate\\Routing\\Middleware\\SubstituteBindings.php(50): Illuminate\\Pipeline\\Pipeline->{closure:Illuminate\\Pipeline\\Pipeline::prepareDestination():178}(Object(Illuminate\\Http\\Request))
#23 C:\\Users\\Приятный\\Desktop\\project\\unik\\web\\PHP_BAZA\\laravel\\vendor\\laravel\\framework\\src\\Illuminate\\Pipeline\\Pipeline.php(219): Illuminate\\Routing\\Middleware\\SubstituteBindings->handle(Object(Illuminate\\Http\\Request), Object(Closure))
#24 C:\\Users\\Приятный\\Desktop\\project\\unik\\web\\PHP_BAZA\\laravel\\vendor\\laravel\\framework\\src\\Illuminate\\Foundation\\Http\\Middleware\\VerifyCsrfToken.php(87): Illuminate\\Pipeline\\Pipeline->{closure:{closure:Illuminate\\Pipeline\\Pipeline::carry():194}:195}(Object(Illuminate\\Http\\Request))
#25 C:\\Users\\Приятный\\Desktop\\project\\unik\\web\\PHP_BAZA\\laravel\\vendor\\laravel\\framework\\src\\Illuminate\\Pipeline\\Pipeline.php(219): Illuminate\\Foundation\\Http\\Middleware\\VerifyCsrfToken->handle(Object(Illuminate\\Http\\Request), Object(Closure))
#26 C:\\Users\\Приятный\\Desktop\\project\\unik\\web\\PHP_BAZA\\laravel\\vendor\\laravel\\framework\\src\\Illuminate\\View\\Middleware\\ShareErrorsFromSession.php(48): Illuminate\\Pipeline\\Pipeline->{closure:{closure:Illuminate\\Pipeline\\Pipeline::carry():194}:195}(Object(Illuminate\\Http\\Request))
#27 C:\\Users\\Приятный\\Desktop\\project\\unik\\web\\PHP_BAZA\\laravel\\vendor\\laravel\\framework\\src\\Illuminate\\Pipeline\\Pipeline.php(219): Illuminate\\View\\Middleware\\ShareErrorsFromSession->handle(Object(Illuminate\\Http\\Request), Object(Closure))
#28 C:\\Users\\Приятный\\Desktop\\project\\unik\\web\\PHP_BAZA\\laravel\\vendor\\laravel\\framework\\src\\Illuminate\\Session\\Middleware\\StartSession.php(120): Illuminate\\Pipeline\\Pipeline->{closure:{closure:Illuminate\\Pipeline\\Pipeline::carry():194}:195}(Object(Illuminate\\Http\\Request))
#29 C:\\Users\\Приятный\\Desktop\\project\\unik\\web\\PHP_BAZA\\laravel\\vendor\\laravel\\framework\\src\\Illuminate\\Session\\Middleware\\StartSession.php(63): Illuminate\\Session\\Middleware\\StartSession->handleStatefulRequest(Object(Illuminate\\Http\\Request), Object(Illuminate\\Session\\Store), Object(Closure))
#30 C:\\Users\\Приятный\\Desktop\\project\\unik\\web\\PHP_BAZA\\laravel\\vendor\\laravel\\framework\\src\\Illuminate\\Pipeline\\Pipeline.php(219): Illuminate\\Session\\Middleware\\StartSession->handle(Object(Illuminate\\Http\\Request), Object(Closure))
#31 C:\\Users\\Приятный\\Desktop\\project\\unik\\web\\PHP_BAZA\\laravel\\vendor\\laravel\\framework\\src\\Illuminate\\Cookie\\Middleware\\AddQueuedCookiesToResponse.php(36): Illuminate\\Pipeline\\Pipeline->{closure:{closure:Illuminate\\Pipeline\\Pipeline::carry():194}:195}(Object(Illuminate\\Http\\Request))
#32 C:\\Users\\Приятный\\Desktop\\project\\unik\\web\\PHP_BAZA\\laravel\\vendor\\laravel\\framework\\src\\Illuminate\\Pipeline\\Pipeline.php(219): Illuminate\\Cookie\\Middleware\\AddQueuedCookiesToResponse->handle(Object(Illuminate\\Http\\Request), Object(Closure))
#33 C:\\Users\\Приятный\\Desktop\\project\\unik\\web\\PHP_BAZA\\laravel\\vendor\\laravel\\framework\\src\\Illuminate\\Cookie\\Middleware\\EncryptCookies.php(74): Illuminate\\Pipeline\\Pipeline->{closure:{closure:Illuminate\\Pipeline\\Pipeline::carry():194}:195}(Object(Illuminate\\Http\\Request))
#34 C:\\Users\\Приятный\\Desktop\\project\\unik\\web\\PHP_BAZA\\laravel\\vendor\\laravel\\framework\\src\\Illuminate\\Pipeline\\Pipeline.php(219): Illuminate\\Cookie\\Middleware\\EncryptCookies->handle(Object(Illuminate\\Http\\Request), Object(Closure))
#35 C:\\Users\\Приятный\\Desktop\\project\\unik\\web\\PHP_BAZA\\laravel\\vendor\\laravel\\framework\\src\\Illuminate\\Pipeline\\Pipeline.php(137): Illuminate\\Pipeline\\Pipeline->{closure:{closure:Illuminate\\Pipeline\\Pipeline::carry():194}:195}(Object(Illuminate\\Http\\Request))
#36 C:\\Users\\Приятный\\Desktop\\project\\unik\\web\\PHP_BAZA\\laravel\\vendor\\laravel\\framework\\src\\Illuminate\\Routing\\Router.php(821): Illuminate\\Pipeline\\Pipeline->then(Object(Closure))
#37 C:\\Users\\Приятный\\Desktop\\project\\unik\\web\\PHP_BAZA\\laravel\\vendor\\laravel\\framework\\src\\Illuminate\\Routing\\Router.php(800): Illuminate\\Routing\\Router->runRouteWithinStack(Object(Illuminate\\Routing\\Route), Object(Illuminate\\Http\\Request))
#38 C:\\Users\\Приятный\\Desktop\\project\\unik\\web\\PHP_BAZA\\laravel\\vendor\\laravel\\framework\\src\\Illuminate\\Routing\\Router.php(764): Illuminate\\Routing\\Router->runRoute(Object(Illuminate\\Http\\Request), Object(Illuminate\\Routing\\Route))
#39 C:\\Users\\Приятный\\Desktop\\project\\unik\\web\\PHP_BAZA\\laravel\\vendor\\laravel\\framework\\src\\Illuminate\\Routing\\Router.php(753): Illuminate\\Routing\\Router->dispatchToRoute(Object(Illuminate\\Http\\Request))
#40 C:\\Users\\Приятный\\Desktop\\project\\unik\\web\\PHP_BAZA\\laravel\\vendor\\laravel\\framework\\src\\Illuminate\\Foundation\\Http\\Kernel.php(200): Illuminate\\Routing\\Router->dispatch(Object(Illuminate\\Http\\Request))
#41 C:\\Users\\Приятный\\Desktop\\project\\unik\\web\\PHP_BAZA\\laravel\\vendor\\laravel\\framework\\src\\Illuminate\\Pipeline\\Pipeline.php(180): Illuminate\\Foundation\\Http\\Kernel->{closure:Illuminate\\Foundation\\Http\\Kernel::dispatchToRouter():197}(Object(Illuminate\\Http\\Request))
#42 C:\\Users\\Приятный\\Desktop\\project\\unik\\web\\PHP_BAZA\\laravel\\vendor\\laravel\\framework\\src\\Illuminate\\Foundation\\Http\\Middleware\\TransformsRequest.php(21): Illuminate\\Pipeline\\Pipeline->{closure:Illuminate\\Pipeline\\Pipeline::prepareDestination():178}(Object(Illuminate\\Http\\Request))
#43 C:\\Users\\Приятный\\Desktop\\project\\unik\\web\\PHP_BAZA\\laravel\\vendor\\laravel\\framework\\src\\Illuminate\\Foundation\\Http\\Middleware\\ConvertEmptyStringsToNull.php(31): Illuminate\\Foundation\\Http\\Middleware\\TransformsRequest->handle(Object(Illuminate\\Http\\Request), Object(Closure))
#44 C:\\Users\\Приятный\\Desktop\\project\\unik\\web\\PHP_BAZA\\laravel\\vendor\\laravel\\framework\\src\\Illuminate\\Pipeline\\Pipeline.php(219): Illuminate\\Foundation\\Http\\Middleware\\ConvertEmptyStringsToNull->handle(Object(Illuminate\\Http\\Request), Object(Closure))
#45 C:\\Users\\Приятный\\Desktop\\project\\unik\\web\\PHP_BAZA\\laravel\\vendor\\laravel\\framework\\src\\Illuminate\\Foundation\\Http\\Middleware\\TransformsRequest.php(21): Illuminate\\Pipeline\\Pipeline->{closure:{closure:Illuminate\\Pipeline\\Pipeline::carry():194}:195}(Object(Illuminate\\Http\\Request))
#46 C:\\Users\\Приятный\\Desktop\\project\\unik\\web\\PHP_BAZA\\laravel\\vendor\\laravel\\framework\\src\\Illuminate\\Foundation\\Http\\Middleware\\TrimStrings.php(51): Illuminate\\Foundation\\Http\\Middleware\\TransformsRequest->handle(Object(Illuminate\\Http\\Request), Object(Closure))
#47 C:\\Users\\Приятный\\Desktop\\project\\unik\\web\\PHP_BAZA\\laravel\\vendor\\laravel\\framework\\src\\Illuminate\\Pipeline\\Pipeline.php(219): Illuminate\\Foundation\\Http\\Middleware\\TrimStrings->handle(Object(Illuminate\\Http\\Request), Object(Closure))
#48 C:\\Users\\Приятный\\Desktop\\project\\unik\\web\\PHP_BAZA\\laravel\\vendor\\laravel\\framework\\src\\Illuminate\\Http\\Middleware\\ValidatePostSize.php(27): Illuminate\\Pipeline\\Pipeline->{closure:{closure:Illuminate\\Pipeline\\Pipeline::carry():194}:195}(Object(Illuminate\\Http\\Request))
#49 C:\\Users\\Приятный\\Desktop\\project\\unik\\web\\PHP_BAZA\\laravel\\vendor\\laravel\\framework\\src\\Illuminate\\Pipeline\\Pipeline.php(219): Illuminate\\Http\\Middleware\\ValidatePostSize->handle(Object(Illuminate\\Http\\Request), Object(Closure))
#50 C:\\Users\\Приятный\\Desktop\\project\\unik\\web\\PHP_BAZA\\laravel\\vendor\\laravel\\framework\\src\\Illuminate\\Foundation\\Http\\Middleware\\PreventRequestsDuringMaintenance.php(109): Illuminate\\Pipeline\\Pipeline->{closure:{closure:Illuminate\\Pipeline\\Pipeline::carry():194}:195}(Object(Illuminate\\Http\\Request))
#51 C:\\Users\\Приятный\\Desktop\\project\\unik\\web\\PHP_BAZA\\laravel\\vendor\\laravel\\framework\\src\\Illuminate\\Pipeline\\Pipeline.php(219): Illuminate\\Foundation\\Http\\Middleware\\PreventRequestsDuringMaintenance->handle(Object(Illuminate\\Http\\Request), Object(Closure))
#52 C:\\Users\\Приятный\\Desktop\\project\\unik\\web\\PHP_BAZA\\laravel\\vendor\\laravel\\framework\\src\\Illuminate\\Http\\Middleware\\HandleCors.php(48): Illuminate\\Pipeline\\Pipeline->{closure:{closure:Illuminate\\Pipeline\\Pipeline::carry():194}:195}(Object(Illuminate\\Http\\Request))
#53 C:\\Users\\Приятный\\Desktop\\project\\unik\\web\\PHP_BAZA\\laravel\\vendor\\laravel\\framework\\src\\Illuminate\\Pipeline\\Pipeline.php(219): Illuminate\\Http\\Middleware\\HandleCors->handle(Object(Illuminate\\Http\\Request), Object(Closure))
#54 C:\\Users\\Приятный\\Desktop\\project\\unik\\web\\PHP_BAZA\\laravel\\vendor\\laravel\\framework\\src\\Illuminate\\Http\\Middleware\\TrustProxies.php(58): Illuminate\\Pipeline\\Pipeline->{closure:{closure:Illuminate\\Pipeline\\Pipeline::carry():194}:195}(Object(Illuminate\\Http\\Request))
#55 C:\\Users\\Приятный\\Desktop\\project\\unik\\web\\PHP_BAZA\\laravel\\vendor\\laravel\\framework\\src\\Illuminate\\Pipeline\\Pipeline.php(219): Illuminate\\Http\\Middleware\\TrustProxies->handle(Object(Illuminate\\Http\\Request), Object(Closure))
#56 C:\\Users\\Приятный\\Desktop\\project\\unik\\web\\PHP_BAZA\\laravel\\vendor\\laravel\\framework\\src\\Illuminate\\Foundation\\Http\\Middleware\\InvokeDeferredCallbacks.php(22): Illuminate\\Pipeline\\Pipeline->{closure:{closure:Illuminate\\Pipeline\\Pipeline::carry():194}:195}(Object(Illuminate\\Http\\Request))
#57 C:\\Users\\Приятный\\Desktop\\project\\unik\\web\\PHP_BAZA\\laravel\\vendor\\laravel\\framework\\src\\Illuminate\\Pipeline\\Pipeline.php(219): Illuminate\\Foundation\\Http\\Middleware\\InvokeDeferredCallbacks->handle(Object(Illuminate\\Http\\Request), Object(Closure))
#58 C:\\Users\\Приятный\\Desktop\\project\\unik\\web\\PHP_BAZA\\laravel\\vendor\\laravel\\framework\\src\\Illuminate\\Http\\Middleware\\ValidatePathEncoding.php(26): Illuminate\\Pipeline\\Pipeline->{closure:{closure:Illuminate\\Pipeline\\Pipeline::carry():194}:195}(Object(Illuminate\\Http\\Request))
#59 C:\\Users\\Приятный\\Desktop\\project\\unik\\web\\PHP_BAZA\\laravel\\vendor\\laravel\\framework\\src\\Illuminate\\Pipeline\\Pipeline.php(219): Illuminate\\Http\\Middleware\\ValidatePathEncoding->handle(Object(Illuminate\\Http\\Request), Object(Closure))
#60 C:\\Users\\Приятный\\Desktop\\project\\unik\\web\\PHP_BAZA\\laravel\\vendor\\laravel\\framework\\src\\Illuminate\\Pipeline\\Pipeline.php(137): Illuminate\\Pipeline\\Pipeline->{closure:{closure:Illuminate\\Pipeline\\Pipeline::carry():194}:195}(Object(Illuminate\\Http\\Request))
#61 C:\\Users\\Приятный\\Desktop\\project\\unik\\web\\PHP_BAZA\\laravel\\vendor\\laravel\\framework\\src\\Illuminate\\Foundation\\Http\\Kernel.php(175): Illuminate\\Pipeline\\Pipeline->then(Object(Closure))
#62 C:\\Users\\Приятный\\Desktop\\project\\unik\\web\\PHP_BAZA\\laravel\\vendor\\laravel\\framework\\src\\Illuminate\\Foundation\\Http\\Kernel.php(144): Illuminate\\Foundation\\Http\\Kernel->sendRequestThroughRouter(Object(Illuminate\\Http\\Request))
#63 C:\\Users\\Приятный\\Desktop\\project\\unik\\web\\PHP_BAZA\\laravel\\vendor\\laravel\\framework\\src\\Illuminate\\Foundation\\Application.php(1220): Illuminate\\Foundation\\Http\\Kernel->handle(Object(Illuminate\\Http\\Request))
#64 C:\\Users\\Приятный\\Desktop\\project\\unik\\web\\PHP_BAZA\\laravel\\public\\index.php(17): Illuminate\\Foundation\\Application->handleRequest(Object(Illuminate\\Http\\Request))
#65 {main}
"} 
[2025-12-21 04:21:13] local.ERROR: SQLSTATE[42S22]: Column not found: 1054 Unknown column 'updated_at' in 'field list' (Connection: mysql, SQL: insert into `tasks` (`title`, `completed`, `updated_at`, `created_at`) values (dsasdasda, 0, 2025-12-21 04:21:13, 2025-12-21 04:21:13)) {"exception":"[object] (Illuminate\\Database\\QueryException(code: 42S22): SQLSTATE[42S22]: Column not found: 1054 Unknown column 'updated_at' in 'field list' (Connection: mysql, SQL: insert into `tasks` (`title`, `completed`, `updated_at`, `created_at`) values (dsasdasda, 0, 2025-12-21 04:21:13, 2025-12-21 04:21:13)) at C:\\Users\\Приятный\\Desktop\\project\\unik\\web\\PHP_BAZA\\laravel\\vendor\\laravel\\framework\\src\\Illuminate\\Database\\Connection.php:826)
[stacktrace]
#0 C:\\Users\\Приятный\\Desktop\\project\\unik\\web\\PHP_BAZA\\laravel\\vendor\\laravel\\framework\\src\\Illuminate\\Database\\Connection.php(780): Illuminate\\Database\\Connection->runQueryCallback('insert into `ta...', Array, Object(Closure))
#1 C:\\Users\\Приятный\\Desktop\\project\\unik\\web\\PHP_BAZA\\laravel\\vendor\\laravel\\framework\\src\\Illuminate\\Database\\MySqlConnection.php(42): Illuminate\\Database\\Connection->run('insert into `ta...', Array, Object(Closure))
#2 C:\\Users\\Приятный\\Desktop\\project\\unik\\web\\PHP_BAZA\\laravel\\vendor\\laravel\\framework\\src\\Illuminate\\Database\\Query\\Processors\\MySqlProcessor.php(35): Illuminate\\Database\\MySqlConnection->insert('insert into `ta...', Array, 'id')
#3 C:\\Users\\Приятный\\Desktop\\project\\unik\\web\\PHP_BAZA\\laravel\\vendor\\laravel\\framework\\src\\Illuminate\\Database\\Query\\Builder.php(3853): Illuminate\\Database\\Query\\Processors\\MySqlProcessor->processInsertGetId(Object(Illuminate\\Database\\Query\\Builder), 'insert into `ta...', Array, 'id')
#4 C:\\Users\\Приятный\\Desktop\\project\\unik\\web\\PHP_BAZA\\laravel\\vendor\\laravel\\framework\\src\\Illuminate\\Database\\Eloquent\\Builder.php(2235): Illuminate\\Database\\Query\\Builder->insertGetId(Array, 'id')
#5 C:\\Users\\Приятный\\Desktop\\project\\unik\\web\\PHP_BAZA\\laravel\\vendor\\laravel\\framework\\src\\Illuminate\\Database\\Eloquent\\Model.php(1436): Illuminate\\Database\\Eloquent\\Builder->__call('insertGetId', Array)
#6 C:\\Users\\Приятный\\Desktop\\project\\unik\\web\\PHP_BAZA\\laravel\\vendor\\laravel\\framework\\src\\Illuminate\\Database\\Eloquent\\Model.php(1401): Illuminate\\Database\\Eloquent\\Model->insertAndSetId(Object(Illuminate\\Database\\Eloquent\\Builder), Array)
#7 C:\\Users\\Приятный\\Desktop\\project\\unik\\web\\PHP_BAZA\\laravel\\vendor\\laravel\\framework\\src\\Illuminate\\Database\\Eloquent\\Model.php(1240): Illuminate\\Database\\Eloquent\\Model->performInsert(Object(Illuminate\\Database\\Eloquent\\Builder))
#8 C:\\Users\\Приятный\\Desktop\\project\\unik\\web\\PHP_BAZA\\laravel\\vendor\\laravel\\framework\\src\\Illuminate\\Database\\Eloquent\\Builder.php(1219): Illuminate\\Database\\Eloquent\\Model->save()
#9 C:\\Users\\Приятный\\Desktop\\project\\unik\\web\\PHP_BAZA\\laravel\\vendor\\laravel\\framework\\src\\Illuminate\\Support\\helpers.php(390): Illuminate\\Database\\Eloquent\\Builder->{closure:Illuminate\\Database\\Eloquent\\Builder::create():1218}(Object(App\\Models\\Task))
#10 C:\\Users\\Приятный\\Desktop\\project\\unik\\web\\PHP_BAZA\\laravel\\vendor\\laravel\\framework\\src\\Illuminate\\Database\\Eloquent\\Builder.php(1218): tap(Object(App\\Models\\Task), Object(Closure))
#11 C:\\Users\\Приятный\\Desktop\\project\\unik\\web\\PHP_BAZA\\laravel\\vendor\\laravel\\framework\\src\\Illuminate\\Support\\Traits\\ForwardsCalls.php(23): Illuminate\\Database\\Eloquent\\Builder->create(Array)
#12 C:\\Users\\Приятный\\Desktop\\project\\unik\\web\\PHP_BAZA\\laravel\\vendor\\laravel\\framework\\src\\Illuminate\\Database\\Eloquent\\Model.php(2540): Illuminate\\Database\\Eloquent\\Model->forwardCallTo(Object(Illuminate\\Database\\Eloquent\\Builder), 'create', Array)
#13 C:\\Users\\Приятный\\Desktop\\project\\unik\\web\\PHP_BAZA\\laravel\\vendor\\laravel\\framework\\src\\Illuminate\\Database\\Eloquent\\Model.php(2556): Illuminate\\Database\\Eloquent\\Model->__call('create', Array)
#14 C:\\Users\\Приятный\\Desktop\\project\\unik\\web\\PHP_BAZA\\laravel\\app\\Http\\Controllers\\TaskController.php(25): Illuminate\\Database\\Eloquent\\Model::__callStatic('create', Array)
#15 C:\\Users\\Приятный\\Desktop\\project\\unik\\web\\PHP_BAZA\\laravel\\vendor\\laravel\\framework\\src\\Illuminate\\Routing\\ControllerDispatcher.php(46): App\\Http\\Controllers\\TaskController->add(Object(Illuminate\\Http\\Request))
#16 C:\\Users\\Приятный\\Desktop\\project\\unik\\web\\PHP_BAZA\\laravel\\vendor\\laravel\\framework\\src\\Illuminate\\Routing\\Route.php(265): Illuminate\\Routing\\ControllerDispatcher->dispatch(Object(Illuminate\\Routing\\Route), Object(App\\Http\\Controllers\\TaskController), 'add')
#17 C:\\Users\\Приятный\\Desktop\\project\\unik\\web\\PHP_BAZA\\laravel\\vendor\\laravel\\framework\\src\\Illuminate\\Routing\\Route.php(211): Illuminate\\Routing\\Route->runController()
#18 C:\\Users\\Приятный\\Desktop\\project\\unik\\web\\PHP_BAZA\\laravel\\vendor\\laravel\\framework\\src\\Illuminate\\Routing\\Router.php(822): Illuminate\\Routing\\Route->run()
#19 C:\\Users\\Приятный\\Desktop\\project\\unik\\web\\PHP_BAZA\\laravel\\vendor\\laravel\\framework\\src\\Illuminate\\Pipeline\\Pipeline.php(180): Illuminate\\Routing\\Router->{closure:Illuminate\\Routing\\Router::runRouteWithinStack():821}(Object(Illuminate\\Http\\Request))
#20 C:\\Users\\Приятный\\Desktop\\project\\unik\\web\\PHP_BAZA\\laravel\\vendor\\laravel\\framework\\src\\Illuminate\\Routing\\Middleware\\SubstituteBindings.php(50): Illuminate\\Pipeline\\Pipeline->{closure:Illuminate\\Pipeline\\Pipeline::prepareDestination():178}(Object(Illuminate\\Http\\Request))
#21 C:\\Users\\Приятный\\Desktop\\project\\unik\\web\\PHP_BAZA\\laravel\\vendor\\laravel\\framework\\src\\Illuminate\\Pipeline\\Pipeline.php(219): Illuminate\\Routing\\Middleware\\SubstituteBindings->handle(Object(Illuminate\\Http\\Request), Object(Closure))
#22 C:\\Users\\Приятный\\Desktop\\project\\unik\\web\\PHP_BAZA\\laravel\\vendor\\laravel\\framework\\src\\Illuminate\\Foundation\\Http\\Middleware\\VerifyCsrfToken.php(87): Illuminate\\Pipeline\\Pipeline->{closure:{closure:Illuminate\\Pipeline\\Pipeline::carry():194}:195}(Object(Illuminate\\Http\\Request))
#23 C:\\Users\\Приятный\\Desktop\\project\\unik\\web\\PHP_BAZA\\laravel\\vendor\\laravel\\framework\\src\\Illuminate\\Pipeline\\Pipeline.php(219): Illuminate\\Foundation\\Http\\Middleware\\VerifyCsrfToken->handle(Object(Illuminate\\Http\\Request), Object(Closure))
#24 C:\\Users\\Приятный\\Desktop\\project\\unik\\web\\PHP_BAZA\\laravel\\vendor\\laravel\\framework\\src\\Illuminate\\View\\Middleware\\ShareErrorsFromSession.php(48): Illuminate\\Pipeline\\Pipeline->{closure:{closure:Illuminate\\Pipeline\\Pipeline::carry():194}:195}(Object(Illuminate\\Http\\Request))
#25 C:\\Users\\Приятный\\Desktop\\project\\unik\\web\\PHP_BAZA\\laravel\\vendor\\laravel\\framework\\src\\Illuminate\\Pipeline\\Pipeline.php(219): Illuminate\\View\\Middleware\\ShareErrorsFromSession->handle(Object(Illuminate\\Http\\Request), Object(Closure))
#26 C:\\Users\\Приятный\\Desktop\\project\\unik\\web\\PHP_BAZA\\laravel\\vendor\\laravel\\framework\\src\\Illuminate\\Session\\Middleware\\StartSession.php(120): Illuminate\\Pipeline\\Pipeline->{closure:{closure:Illuminate\\Pipeline\\Pipeline::carry():194}:195}(Object(Illuminate\\Http\\Request))
#27 C:\\Users\\Приятный\\Desktop\\project\\unik\\web\\PHP_BAZA\\laravel\\vendor\\laravel\\framework\\src\\Illuminate\\Session\\Middleware\\StartSession.php(63): Illuminate\\Session\\Middleware\\StartSession->handleStatefulRequest(Object(Illuminate\\Http\\Request), Object(Illuminate\\Session\\Store), Object(Closure))
#28 C:\\Users\\Приятный\\Desktop\\project\\unik\\web\\PHP_BAZA\\laravel\\vendor\\laravel\\framework\\src\\Illuminate\\Pipeline\\Pipeline.php(219): Illuminate\\Session\\Middleware\\StartSession->handle(Object(Illuminate\\Http\\Request), Object(Closure))
#29 C:\\Users\\Приятный\\Desktop\\project\\unik\\web\\PHP_BAZA\\laravel\\vendor\\laravel\\framework\\src\\Illuminate\\Cookie\\Middleware\\AddQueuedCookiesToResponse.php(36): Illuminate\\Pipeline\\Pipeline->{closure:{closure:Illuminate\\Pipeline\\Pipeline::carry():194}:195}(Object(Illuminate\\Http\\Request))
#30 C:\\Users\\Приятный\\Desktop\\project\\unik\\web\\PHP_BAZA\\laravel\\vendor\\laravel\\framework\\src\\Illuminate\\Pipeline\\Pipeline.php(219): Illuminate\\Cookie\\Middleware\\AddQueuedCookiesToResponse->handle(Object(Illuminate\\Http\\Request), Object(Closure))
#31 C:\\Users\\Приятный\\Desktop\\project\\unik\\web\\PHP_BAZA\\laravel\\vendor\\laravel\\framework\\src\\Illuminate\\Cookie\\Middleware\\EncryptCookies.php(74): Illuminate\\Pipeline\\Pipeline->{closure:{closure:Illuminate\\Pipeline\\Pipeline::carry():194}:195}(Object(Illuminate\\Http\\Request))
#32 C:\\Users\\Приятный\\Desktop\\project\\unik\\web\\PHP_BAZA\\laravel\\vendor\\laravel\\framework\\src\\Illuminate\\Pipeline\\Pipeline.php(219): Illuminate\\Cookie\\Middleware\\EncryptCookies->handle(Object(Illuminate\\Http\\Request), Object(Closure))
#33 C:\\Users\\Приятный\\Desktop\\project\\unik\\web\\PHP_BAZA\\laravel\\vendor\\laravel\\framework\\src\\Illuminate\\Pipeline\\Pipeline.php(137): Illuminate\\Pipeline\\Pipeline->{closure:{closure:Illuminate\\Pipeline\\Pipeline::carry():194}:195}(Object(Illuminate\\Http\\Request))
#34 C:\\Users\\Приятный\\Desktop\\project\\unik\\web\\PHP_BAZA\\laravel\\vendor\\laravel\\framework\\src\\Illuminate\\Routing\\Router.php(821): Illuminate\\Pipeline\\Pipeline->then(Object(Closure))
#35 C:\\Users\\Приятный\\Desktop\\project\\unik\\web\\PHP_BAZA\\laravel\\vendor\\laravel\\framework\\src\\Illuminate\\Routing\\Router.php(800): Illuminate\\Routing\\Router->runRouteWithinStack(Object(Illuminate\\Routing\\Route), Object(Illuminate\\Http\\Request))
#36 C:\\Users\\Приятный\\Desktop\\project\\unik\\web\\PHP_BAZA\\laravel\\vendor\\laravel\\framework\\src\\Illuminate\\Routing\\Router.php(764): Illuminate\\Routing\\Router->runRoute(Object(Illuminate\\Http\\Request), Object(Illuminate\\Routing\\Route))
#37 C:\\Users\\Приятный\\Desktop\\project\\unik\\web\\PHP_BAZA\\laravel\\vendor\\laravel\\framework\\src\\Illuminate\\Routing\\Router.php(753): Illuminate\\Routing\\Router->dispatchToRoute(Object(Illuminate\\Http\\Request))
#38 C:\\Users\\Приятный\\Desktop\\project\\unik\\web\\PHP_BAZA\\laravel\\vendor\\laravel\\framework\\src\\Illuminate\\Foundation\\Http\\Kernel.php(200): Illuminate\\Routing\\Router->dispatch(Object(Illuminate\\Http\\Request))
#39 C:\\Users\\Приятный\\Desktop\\project\\unik\\web\\PHP_BAZA\\laravel\\vendor\\laravel\\framework\\src\\Illuminate\\Pipeline\\Pipeline.php(180): Illuminate\\Foundation\\Http\\Kernel->{closure:Illuminate\\Foundation\\Http\\Kernel::dispatchToRouter():197}(Object(Illuminate\\Http\\Request))
#40 C:\\Users\\Приятный\\Desktop\\project\\unik\\web\\PHP_BAZA\\laravel\\vendor\\laravel\\framework\\src\\Illuminate\\Foundation\\Http\\Middleware\\TransformsRequest.php(21): Illuminate\\Pipeline\\Pipeline->{closure:Illuminate\\Pipeline\\Pipeline::prepareDestination():178}(Object(Illuminate\\Http\\Request))
#41 C:\\Users\\Приятный\\Desktop\\project\\unik\\web\\PHP_BAZA\\laravel\\vendor\\laravel\\framework\\src\\Illuminate\\Foundation\\Http\\Middleware\\ConvertEmptyStringsToNull.php(31): Illuminate\\Foundation\\Http\\Middleware\\TransformsRequest->handle(Object(Illuminate\\Http\\Request), Object(Closure))
#42 C:\\Users\\Приятный\\Desktop\\project\\unik\\web\\PHP_BAZA\\laravel\\vendor\\laravel\\framework\\src\\Illuminate\\Pipeline\\Pipeline.php(219): Illuminate\\Foundation\\Http\\Middleware\\ConvertEmptyStringsToNull->handle(Object(Illuminate\\Http\\Request), Object(Closure))
#43 C:\\Users\\Приятный\\Desktop\\project\\unik\\web\\PHP_BAZA\\laravel\\vendor\\laravel\\framework\\src\\Illuminate\\Foundation\\Http\\Middleware\\TransformsRequest.php(21): Illuminate\\Pipeline\\Pipeline->{closure:{closure:Illuminate\\Pipeline\\Pipeline::carry():194}:195}(Object(Illuminate\\Http\\Request))
#44 C:\\Users\\Приятный\\Desktop\\project\\unik\\web\\PHP_BAZA\\laravel\\vendor\\laravel\\framework\\src\\Illuminate\\Foundation\\Http\\Middleware\\TrimStrings.php(51): Illuminate\\Foundation\\Http\\Middleware\\TransformsRequest->handle(Object(Illuminate\\Http\\Request), Object(Closure))
#45 C:\\Users\\Приятный\\Desktop\\project\\unik\\web\\PHP_BAZA\\laravel\\vendor\\laravel\\framework\\src\\Illuminate\\Pipeline\\Pipeline.php(219): Illuminate\\Foundation\\Http\\Middleware\\TrimStrings->handle(Object(Illuminate\\Http\\Request), Object(Closure))
#46 C:\\Users\\Приятный\\Desktop\\project\\unik\\web\\PHP_BAZA\\laravel\\vendor\\laravel\\framework\\src\\Illuminate\\Http\\Middleware\\ValidatePostSize.php(27): Illuminate\\Pipeline\\Pipeline->{closure:{closure:Illuminate\\Pipeline\\Pipeline::carry():194}:195}(Object(Illuminate\\Http\\Request))
#47 C:\\Users\\Приятный\\Desktop\\project\\unik\\web\\PHP_BAZA\\laravel\\vendor\\laravel\\framework\\src\\Illuminate\\Pipeline\\Pipeline.php(219): Illuminate\\Http\\Middleware\\ValidatePostSize->handle(Object(Illuminate\\Http\\Request), Object(Closure))
#48 C:\\Users\\Приятный\\Desktop\\project\\unik\\web\\PHP_BAZA\\laravel\\vendor\\laravel\\framework\\src\\Illuminate\\Foundation\\Http\\Middleware\\PreventRequestsDuringMaintenance.php(109): Illuminate\\Pipeline\\Pipeline->{closure:{closure:Illuminate\\Pipeline\\Pipeline::carry():194}:195}(Object(Illuminate\\Http\\Request))
#49 C:\\Users\\Приятный\\Desktop\\project\\unik\\web\\PHP_BAZA\\laravel\\vendor\\laravel\\framework\\src\\Illuminate\\Pipeline\\Pipeline.php(219): Illuminate\\Foundation\\Http\\Middleware\\PreventRequestsDuringMaintenance->handle(Object(Illuminate\\Http\\Request), Object(Closure))
#50 C:\\Users\\Приятный\\Desktop\\project\\unik\\web\\PHP_BAZA\\laravel\\vendor\\laravel\\framework\\src\\Illuminate\\Http\\Middleware\\HandleCors.php(48): Illuminate\\Pipeline\\Pipeline->{closure:{closure:Illuminate\\Pipeline\\Pipeline::carry():194}:195}(Object(Illuminate\\Http\\Request))
#51 C:\\Users\\Приятный\\Desktop\\project\\unik\\web\\PHP_BAZA\\laravel\\vendor\\laravel\\framework\\src\\Illuminate\\Pipeline\\Pipeline.php(219): Illuminate\\Http\\Middleware\\HandleCors->handle(Object(Illuminate\\Http\\Request), Object(Closure))
#52 C:\\Users\\Приятный\\Desktop\\project\\unik\\web\\PHP_BAZA\\laravel\\vendor\\laravel\\framework\\src\\Illuminate\\Http\\Middleware\\TrustProxies.php(58): Illuminate\\Pipeline\\Pipeline->{closure:{closure:Illuminate\\Pipeline\\Pipeline::carry():194}:195}(Object(Illuminate\\Http\\Request))
#53 C:\\Users\\Приятный\\Desktop\\project\\unik\\web\\PHP_BAZA\\laravel\\vendor\\laravel\\framework\\src\\Illuminate\\Pipeline\\Pipeline.php(219): Illuminate\\Http\\Middleware\\TrustProxies->handle(Object(Illuminate\\Http\\Request), Object(Closure))
#54 C:\\Users\\Приятный\\Desktop\\project\\unik\\web\\PHP_BAZA\\laravel\\vendor\\laravel\\framework\\src\\Illuminate\\Foundation\\Http\\Middleware\\InvokeDeferredCallbacks.php(22): Illuminate\\Pipeline\\Pipeline->{closure:{closure:Illuminate\\Pipeline\\Pipeline::carry():194}:195}(Object(Illuminate\\Http\\Request))
#55 C:\\Users\\Приятный\\Desktop\\project\\unik\\web\\PHP_BAZA\\laravel\\vendor\\laravel\\framework\\src\\Illuminate\\Pipeline\\Pipeline.php(219): Illuminate\\Foundation\\Http\\Middleware\\InvokeDeferredCallbacks->handle(Object(Illuminate\\Http\\Request), Object(Closure))
#56 C:\\Users\\Приятный\\Desktop\\project\\unik\\web\\PHP_BAZA\\laravel\\vendor\\laravel\\framework\\src\\Illuminate\\Http\\Middleware\\ValidatePathEncoding.php(26): Illuminate\\Pipeline\\Pipeline->{closure:{closure:Illuminate\\Pipeline\\Pipeline::carry():194}:195}(Object(Illuminate\\Http\\Request))
#57 C:\\Users\\Приятный\\Desktop\\project\\unik\\web\\PHP_BAZA\\laravel\\vendor\\laravel\\framework\\src\\Illuminate\\Pipeline\\Pipeline.php(219): Illuminate\\Http\\Middleware\\ValidatePathEncoding->handle(Object(Illuminate\\Http\\Request), Object(Closure))
#58 C:\\Users\\Приятный\\Desktop\\project\\unik\\web\\PHP_BAZA\\laravel\\vendor\\laravel\\framework\\src\\Illuminate\\Pipeline\\Pipeline.php(137): Illuminate\\Pipeline\\Pipeline->{closure:{closure:Illuminate\\Pipeline\\Pipeline::carry():194}:195}(Object(Illuminate\\Http\\Request))
#59 C:\\Users\\Приятный\\Desktop\\project\\unik\\web\\PHP_BAZA\\laravel\\vendor\\laravel\\framework\\src\\Illuminate\\Foundation\\Http\\Kernel.php(175): Illuminate\\Pipeline\\Pipeline->then(Object(Closure))
#60 C:\\Users\\Приятный\\Desktop\\project\\unik\\web\\PHP_BAZA\\laravel\\vendor\\laravel\\framework\\src\\Illuminate\\Foundation\\Http\\Kernel.php(144): Illuminate\\Foundation\\Http\\Kernel->sendRequestThroughRouter(Object(Illuminate\\Http\\Request))
#61 C:\\Users\\Приятный\\Desktop\\project\\unik\\web\\PHP_BAZA\\laravel\\vendor\\laravel\\framework\\src\\Illuminate\\Foundation\\Application.php(1220): Illuminate\\Foundation\\Http\\Kernel->handle(Object(Illuminate\\Http\\Request))
#62 C:\\Users\\Приятный\\Desktop\\project\\unik\\web\\PHP_BAZA\\laravel\\public\\index.php(17): Illuminate\\Foundation\\Application->handleRequest(Object(Illuminate\\Http\\Request))
#63 {main}

[previous exception] [object] (PDOException(code: 42S22): SQLSTATE[42S22]: Column not found: 1054 Unknown column 'updated_at' in 'field list' at C:\\Users\\Приятный\\Desktop\\project\\unik\\web\\PHP_BAZA\\laravel\\vendor\\laravel\\framework\\src\\Illuminate\\Database\\MySqlConnection.php:47)
[stacktrace]
#0 C:\\Users\\Приятный\\Desktop\\project\\unik\\web\\PHP_BAZA\\laravel\\vendor\\laravel\\framework\\src\\Illuminate\\Database\\MySqlConnection.php(47): PDO->prepare('insert into `ta...')
#1 C:\\Users\\Приятный\\Desktop\\project\\unik\\web\\PHP_BAZA\\laravel\\vendor\\laravel\\framework\\src\\Illuminate\\Database\\Connection.php(813): Illuminate\\Database\\MySqlConnection->{closure:Illuminate\\Database\\MySqlConnection::insert():42}('insert into `ta...', Array)
#2 C:\\Users\\Приятный\\Desktop\\project\\unik\\web\\PHP_BAZA\\laravel\\vendor\\laravel\\framework\\src\\Illuminate\\Database\\Connection.php(780): Illuminate\\Database\\Connection->runQueryCallback('insert into `ta...', Array, Object(Closure))
#3 C:\\Users\\Приятный\\Desktop\\project\\unik\\web\\PHP_BAZA\\laravel\\vendor\\laravel\\framework\\src\\Illuminate\\Database\\MySqlConnection.php(42): Illuminate\\Database\\Connection->run('insert into `ta...', Array, Object(Closure))
#4 C:\\Users\\Приятный\\Desktop\\project\\unik\\web\\PHP_BAZA\\laravel\\vendor\\laravel\\framework\\src\\Illuminate\\Database\\Query\\Processors\\MySqlProcessor.php(35): Illuminate\\Database\\MySqlConnection->insert('insert into `ta...', Array, 'id')
#5 C:\\Users\\Приятный\\Desktop\\project\\unik\\web\\PHP_BAZA\\laravel\\vendor\\laravel\\framework\\src\\Illuminate\\Database\\Query\\Builder.php(3853): Illuminate\\Database\\Query\\Processors\\MySqlProcessor->processInsertGetId(Object(Illuminate\\Database\\Query\\Builder), 'insert into `ta...', Array, 'id')
#6 C:\\Users\\Приятный\\Desktop\\project\\unik\\web\\PHP_BAZA\\laravel\\vendor\\laravel\\framework\\src\\Illuminate\\Database\\Eloquent\\Builder.php(2235): Illuminate\\Database\\Query\\Builder->insertGetId(Array, 'id')
#7 C:\\Users\\Приятный\\Desktop\\project\\unik\\web\\PHP_BAZA\\laravel\\vendor\\laravel\\framework\\src\\Illuminate\\Database\\Eloquent\\Model.php(1436): Illuminate\\Database\\Eloquent\\Builder->__call('insertGetId', Array)
#8 C:\\Users\\Приятный\\Desktop\\project\\unik\\web\\PHP_BAZA\\laravel\\vendor\\laravel\\framework\\src\\Illuminate\\Database\\Eloquent\\Model.php(1401): Illuminate\\Database\\Eloquent\\Model->insertAndSetId(Object(Illuminate\\Database\\Eloquent\\Builder), Array)
#9 C:\\Users\\Приятный\\Desktop\\project\\unik\\web\\PHP_BAZA\\laravel\\vendor\\laravel\\framework\\src\\Illuminate\\Database\\Eloquent\\Model.php(1240): Illuminate\\Database\\Eloquent\\Model->performInsert(Object(Illuminate\\Database\\Eloquent\\Builder))
#10 C:\\Users\\Приятный\\Desktop\\project\\unik\\web\\PHP_BAZA\\laravel\\vendor\\laravel\\framework\\src\\Illuminate\\Database\\Eloquent\\Builder.php(1219): Illuminate\\Database\\Eloquent\\Model->save()
#11 C:\\Users\\Приятный\\Desktop\\project\\unik\\web\\PHP_BAZA\\laravel\\vendor\\laravel\\framework\\src\\Illuminate\\Support\\helpers.php(390): Illuminate\\Database\\Eloquent\\Builder->{closure:Illuminate\\Database\\Eloquent\\Builder::create():1218}(Object(App\\Models\\Task))
#12 C:\\Users\\Приятный\\Desktop\\project\\unik\\web\\PHP_BAZA\\laravel\\vendor\\laravel\\framework\\src\\Illuminate\\Database\\Eloquent\\Builder.php(1218): tap(Object(App\\Models\\Task), Object(Closure))
#13 C:\\Users\\Приятный\\Desktop\\project\\unik\\web\\PHP_BAZA\\laravel\\vendor\\laravel\\framework\\src\\Illuminate\\Support\\Traits\\ForwardsCalls.php(23): Illuminate\\Database\\Eloquent\\Builder->create(Array)
#14 C:\\Users\\Приятный\\Desktop\\project\\unik\\web\\PHP_BAZA\\laravel\\vendor\\laravel\\framework\\src\\Illuminate\\Database\\Eloquent\\Model.php(2540): Illuminate\\Database\\Eloquent\\Model->forwardCallTo(Object(Illuminate\\Database\\Eloquent\\Builder), 'create', Array)
#15 C:\\Users\\Приятный\\Desktop\\project\\unik\\web\\PHP_BAZA\\laravel\\vendor\\laravel\\framework\\src\\Illuminate\\Database\\Eloquent\\Model.php(2556): Illuminate\\Database\\Eloquent\\Model->__call('create', Array)
#16 C:\\Users\\Приятный\\Desktop\\project\\unik\\web\\PHP_BAZA\\laravel\\app\\Http\\Controllers\\TaskController.php(25): Illuminate\\Database\\Eloquent\\Model::__callStatic('create', Array)
#17 C:\\Users\\Приятный\\Desktop\\project\\unik\\web\\PHP_BAZA\\laravel\\vendor\\laravel\\framework\\src\\Illuminate\\Routing\\ControllerDispatcher.php(46): App\\Http\\Controllers\\TaskController->add(Object(Illuminate\\Http\\Request))
#18 C:\\Users\\Приятный\\Desktop\\project\\unik\\web\\PHP_BAZA\\laravel\\vendor\\laravel\\framework\\src\\Illuminate\\Routing\\Route.php(265): Illuminate\\Routing\\ControllerDispatcher->dispatch(Object(Illuminate\\Routing\\Route), Object(App\\Http\\Controllers\\TaskController), 'add')
#19 C:\\Users\\Приятный\\Desktop\\project\\unik\\web\\PHP_BAZA\\laravel\\vendor\\laravel\\framework\\src\\Illuminate\\Routing\\Route.php(211): Illuminate\\Routing\\Route->runController()
#20 C:\\Users\\Приятный\\Desktop\\project\\unik\\web\\PHP_BAZA\\laravel\\vendor\\laravel\\framework\\src\\Illuminate\\Routing\\Router.php(822): Illuminate\\Routing\\Route->run()
#21 C:\\Users\\Приятный\\Desktop\\project\\unik\\web\\PHP_BAZA\\laravel\\vendor\\laravel\\framework\\src\\Illuminate\\Pipeline\\Pipeline.php(180): Illuminate\\Routing\\Router->{closure:Illuminate\\Routing\\Router::runRouteWithinStack():821}(Object(Illuminate\\Http\\Request))
#22 C:\\Users\\Приятный\\Desktop\\project\\unik\\web\\PHP_BAZA\\laravel\\vendor\\laravel\\framework\\src\\Illuminate\\Routing\\Middleware\\SubstituteBindings.php(50): Illuminate\\Pipeline\\Pipeline->{closure:Illuminate\\Pipeline\\Pipeline::prepareDestination():178}(Object(Illuminate\\Http\\Request))
#23 C:\\Users\\Приятный\\Desktop\\project\\unik\\web\\PHP_BAZA\\laravel\\vendor\\laravel\\framework\\src\\Illuminate\\Pipeline\\Pipeline.php(219): Illuminate\\Routing\\Middleware\\SubstituteBindings->handle(Object(Illuminate\\Http\\Request), Object(Closure))
#24 C:\\Users\\Приятный\\Desktop\\project\\unik\\web\\PHP_BAZA\\laravel\\vendor\\laravel\\framework\\src\\Illuminate\\Foundation\\Http\\Middleware\\VerifyCsrfToken.php(87): Illuminate\\Pipeline\\Pipeline->{closure:{closure:Illuminate\\Pipeline\\Pipeline::carry():194}:195}(Object(Illuminate\\Http\\Request))
#25 C:\\Users\\Приятный\\Desktop\\project\\unik\\web\\PHP_BAZA\\laravel\\vendor\\laravel\\framework\\src\\Illuminate\\Pipeline\\Pipeline.php(219): Illuminate\\Foundation\\Http\\Middleware\\VerifyCsrfToken->handle(Object(Illuminate\\Http\\Request), Object(Closure))
#26 C:\\Users\\Приятный\\Desktop\\project\\unik\\web\\PHP_BAZA\\laravel\\vendor\\laravel\\framework\\src\\Illuminate\\View\\Middleware\\ShareErrorsFromSession.php(48): Illuminate\\Pipeline\\Pipeline->{closure:{closure:Illuminate\\Pipeline\\Pipeline::carry():194}:195}(Object(Illuminate\\Http\\Request))
#27 C:\\Users\\Приятный\\Desktop\\project\\unik\\web\\PHP_BAZA\\laravel\\vendor\\laravel\\framework\\src\\Illuminate\\Pipeline\\Pipeline.php(219): Illuminate\\View\\Middleware\\ShareErrorsFromSession->handle(Object(Illuminate\\Http\\Request), Object(Closure))
#28 C:\\Users\\Приятный\\Desktop\\project\\unik\\web\\PHP_BAZA\\laravel\\vendor\\laravel\\framework\\src\\Illuminate\\Session\\Middleware\\StartSession.php(120): Illuminate\\Pipeline\\Pipeline->{closure:{closure:Illuminate\\Pipeline\\Pipeline::carry():194}:195}(Object(Illuminate\\Http\\Request))
#29 C:\\Users\\Приятный\\Desktop\\project\\unik\\web\\PHP_BAZA\\laravel\\vendor\\laravel\\framework\\src\\Illuminate\\Session\\Middleware\\StartSession.php(63): Illuminate\\Session\\Middleware\\StartSession->handleStatefulRequest(Object(Illuminate\\Http\\Request), Object(Illuminate\\Session\\Store), Object(Closure))
#30 C:\\Users\\Приятный\\Desktop\\project\\unik\\web\\PHP_BAZA\\laravel\\vendor\\laravel\\framework\\src\\Illuminate\\Pipeline\\Pipeline.php(219): Illuminate\\Session\\Middleware\\StartSession->handle(Object(Illuminate\\Http\\Request), Object(Closure))
#31 C:\\Users\\Приятный\\Desktop\\project\\unik\\web\\PHP_BAZA\\laravel\\vendor\\laravel\\framework\\src\\Illuminate\\Cookie\\Middleware\\AddQueuedCookiesToResponse.php(36): Illuminate\\Pipeline\\Pipeline->{closure:{closure:Illuminate\\Pipeline\\Pipeline::carry():194}:195}(Object(Illuminate\\Http\\Request))
#32 C:\\Users\\Приятный\\Desktop\\project\\unik\\web\\PHP_BAZA\\laravel\\vendor\\laravel\\framework\\src\\Illuminate\\Pipeline\\Pipeline.php(219): Illuminate\\Cookie\\Middleware\\AddQueuedCookiesToResponse->handle(Object(Illuminate\\Http\\Request), Object(Closure))
#33 C:\\Users\\Приятный\\Desktop\\project\\unik\\web\\PHP_BAZA\\laravel\\vendor\\laravel\\framework\\src\\Illuminate\\Cookie\\Middleware\\EncryptCookies.php(74): Illuminate\\Pipeline\\Pipeline->{closure:{closure:Illuminate\\Pipeline\\Pipeline::carry():194}:195}(Object(Illuminate\\Http\\Request))
#34 C:\\Users\\Приятный\\Desktop\\project\\unik\\web\\PHP_BAZA\\laravel\\vendor\\laravel\\framework\\src\\Illuminate\\Pipeline\\Pipeline.php(219): Illuminate\\Cookie\\Middleware\\EncryptCookies->handle(Object(Illuminate\\Http\\Request), Object(Closure))
#35 C:\\Users\\Приятный\\Desktop\\project\\unik\\web\\PHP_BAZA\\laravel\\vendor\\laravel\\framework\\src\\Illuminate\\Pipeline\\Pipeline.php(137): Illuminate\\Pipeline\\Pipeline->{closure:{closure:Illuminate\\Pipeline\\Pipeline::carry():194}:195}(Object(Illuminate\\Http\\Request))
#36 C:\\Users\\Приятный\\Desktop\\project\\unik\\web\\PHP_BAZA\\laravel\\vendor\\laravel\\framework\\src\\Illuminate\\Routing\\Router.php(821): Illuminate\\Pipeline\\Pipeline->then(Object(Closure))
#37 C:\\Users\\Приятный\\Desktop\\project\\unik\\web\\PHP_BAZA\\laravel\\vendor\\laravel\\framework\\src\\Illuminate\\Routing\\Router.php(800): Illuminate\\Routing\\Router->runRouteWithinStack(Object(Illuminate\\Routing\\Route), Object(Illuminate\\Http\\Request))
#38 C:\\Users\\Приятный\\Desktop\\project\\unik\\web\\PHP_BAZA\\laravel\\vendor\\laravel\\framework\\src\\Illuminate\\Routing\\Router.php(764): Illuminate\\Routing\\Router->runRoute(Object(Illuminate\\Http\\Request), Object(Illuminate\\Routing\\Route))
#39 C:\\Users\\Приятный\\Desktop\\project\\unik\\web\\PHP_BAZA\\laravel\\vendor\\laravel\\framework\\src\\Illuminate\\Routing\\Router.php(753): Illuminate\\Routing\\Router->dispatchToRoute(Object(Illuminate\\Http\\Request))
#40 C:\\Users\\Приятный\\Desktop\\project\\unik\\web\\PHP_BAZA\\laravel\\vendor\\laravel\\framework\\src\\Illuminate\\Foundation\\Http\\Kernel.php(200): Illuminate\\Routing\\Router->dispatch(Object(Illuminate\\Http\\Request))
#41 C:\\Users\\Приятный\\Desktop\\project\\unik\\web\\PHP_BAZA\\laravel\\vendor\\laravel\\framework\\src\\Illuminate\\Pipeline\\Pipeline.php(180): Illuminate\\Foundation\\Http\\Kernel->{closure:Illuminate\\Foundation\\Http\\Kernel::dispatchToRouter():197}(Object(Illuminate\\Http\\Request))
#42 C:\\Users\\Приятный\\Desktop\\project\\unik\\web\\PHP_BAZA\\laravel\\vendor\\laravel\\framework\\src\\Illuminate\\Foundation\\Http\\Middleware\\TransformsRequest.php(21): Illuminate\\Pipeline\\Pipeline->{closure:Illuminate\\Pipeline\\Pipeline::prepareDestination():178}(Object(Illuminate\\Http\\Request))
#43 C:\\Users\\Приятный\\Desktop\\project\\unik\\web\\PHP_BAZA\\laravel\\vendor\\laravel\\framework\\src\\Illuminate\\Foundation\\Http\\Middleware\\ConvertEmptyStringsToNull.php(31): Illuminate\\Foundation\\Http\\Middleware\\TransformsRequest->handle(Object(Illuminate\\Http\\Request), Object(Closure))
#44 C:\\Users\\Приятный\\Desktop\\project\\unik\\web\\PHP_BAZA\\laravel\\vendor\\laravel\\framework\\src\\Illuminate\\Pipeline\\Pipeline.php(219): Illuminate\\Foundation\\Http\\Middleware\\ConvertEmptyStringsToNull->handle(Object(Illuminate\\Http\\Request), Object(Closure))
#45 C:\\Users\\Приятный\\Desktop\\project\\unik\\web\\PHP_BAZA\\laravel\\vendor\\laravel\\framework\\src\\Illuminate\\Foundation\\Http\\Middleware\\TransformsRequest.php(21): Illuminate\\Pipeline\\Pipeline->{closure:{closure:Illuminate\\Pipeline\\Pipeline::carry():194}:195}(Object(Illuminate\\Http\\Request))
#46 C:\\Users\\Приятный\\Desktop\\project\\unik\\web\\PHP_BAZA\\laravel\\vendor\\laravel\\framework\\src\\Illuminate\\Foundation\\Http\\Middleware\\TrimStrings.php(51): Illuminate\\Foundation\\Http\\Middleware\\TransformsRequest->handle(Object(Illuminate\\Http\\Request), Object(Closure))
#47 C:\\Users\\Приятный\\Desktop\\project\\unik\\web\\PHP_BAZA\\laravel\\vendor\\laravel\\framework\\src\\Illuminate\\Pipeline\\Pipeline.php(219): Illuminate\\Foundation\\Http\\Middleware\\TrimStrings->handle(Object(Illuminate\\Http\\Request), Object(Closure))
#48 C:\\Users\\Приятный\\Desktop\\project\\unik\\web\\PHP_BAZA\\laravel\\vendor\\laravel\\framework\\src\\Illuminate\\Http\\Middleware\\ValidatePostSize.php(27): Illuminate\\Pipeline\\Pipeline->{closure:{closure:Illuminate\\Pipeline\\Pipeline::carry():194}:195}(Object(Illuminate\\Http\\Request))
#49 C:\\Users\\Приятный\\Desktop\\project\\unik\\web\\PHP_BAZA\\laravel\\vendor\\laravel\\framework\\src\\Illuminate\\Pipeline\\Pipeline.php(219): Illuminate\\Http\\Middleware\\ValidatePostSize->handle(Object(Illuminate\\Http\\Request), Object(Closure))
#50 C:\\Users\\Приятный\\Desktop\\project\\unik\\web\\PHP_BAZA\\laravel\\vendor\\laravel\\framework\\src\\Illuminate\\Foundation\\Http\\Middleware\\PreventRequestsDuringMaintenance.php(109): Illuminate\\Pipeline\\Pipeline->{closure:{closure:Illuminate\\Pipeline\\Pipeline::carry():194}:195}(Object(Illuminate\\Http\\Request))
#51 C:\\Users\\Приятный\\Desktop\\project\\unik\\web\\PHP_BAZA\\laravel\\vendor\\laravel\\framework\\src\\Illuminate\\Pipeline\\Pipeline.php(219): Illuminate\\Foundation\\Http\\Middleware\\PreventRequestsDuringMaintenance->handle(Object(Illuminate\\Http\\Request), Object(Closure))
#52 C:\\Users\\Приятный\\Desktop\\project\\unik\\web\\PHP_BAZA\\laravel\\vendor\\laravel\\framework\\src\\Illuminate\\Http\\Middleware\\HandleCors.php(48): Illuminate\\Pipeline\\Pipeline->{closure:{closure:Illuminate\\Pipeline\\Pipeline::carry():194}:195}(Object(Illuminate\\Http\\Request))
#53 C:\\Users\\Приятный\\Desktop\\project\\unik\\web\\PHP_BAZA\\laravel\\vendor\\laravel\\framework\\src\\Illuminate\\Pipeline\\Pipeline.php(219): Illuminate\\Http\\Middleware\\HandleCors->handle(Object(Illuminate\\Http\\Request), Object(Closure))
#54 C:\\Users\\Приятный\\Desktop\\project\\unik\\web\\PHP_BAZA\\laravel\\vendor\\laravel\\framework\\src\\Illuminate\\Http\\Middleware\\TrustProxies.php(58): Illuminate\\Pipeline\\Pipeline->{closure:{closure:Illuminate\\Pipeline\\Pipeline::carry():194}:195}(Object(Illuminate\\Http\\Request))
#55 C:\\Users\\Приятный\\Desktop\\project\\unik\\web\\PHP_BAZA\\laravel\\vendor\\laravel\\framework\\src\\Illuminate\\Pipeline\\Pipeline.php(219): Illuminate\\Http\\Middleware\\TrustProxies->handle(Object(Illuminate\\Http\\Request), Object(Closure))
#56 C:\\Users\\Приятный\\Desktop\\project\\unik\\web\\PHP_BAZA\\laravel\\vendor\\laravel\\framework\\src\\Illuminate\\Foundation\\Http\\Middleware\\InvokeDeferredCallbacks.php(22): Illuminate\\Pipeline\\Pipeline->{closure:{closure:Illuminate\\Pipeline\\Pipeline::carry():194}:195}(Object(Illuminate\\Http\\Request))
#57 C:\\Users\\Приятный\\Desktop\\project\\unik\\web\\PHP_BAZA\\laravel\\vendor\\laravel\\framework\\src\\Illuminate\\Pipeline\\Pipeline.php(219): Illuminate\\Foundation\\Http\\Middleware\\InvokeDeferredCallbacks->handle(Object(Illuminate\\Http\\Request), Object(Closure))
#58 C:\\Users\\Приятный\\Desktop\\project\\unik\\web\\PHP_BAZA\\laravel\\vendor\\laravel\\framework\\src\\Illuminate\\Http\\Middleware\\ValidatePathEncoding.php(26): Illuminate\\Pipeline\\Pipeline->{closure:{closure:Illuminate\\Pipeline\\Pipeline::carry():194}:195}(Object(Illuminate\\Http\\Request))
#59 C:\\Users\\Приятный\\Desktop\\project\\unik\\web\\PHP_BAZA\\laravel\\vendor\\laravel\\framework\\src\\Illuminate\\Pipeline\\Pipeline.php(219): Illuminate\\Http\\Middleware\\ValidatePathEncoding->handle(Object(Illuminate\\Http\\Request), Object(Closure))
#60 C:\\Users\\Приятный\\Desktop\\project\\unik\\web\\PHP_BAZA\\laravel\\vendor\\laravel\\framework\\src\\Illuminate\\Pipeline\\Pipeline.php(137): Illuminate\\Pipeline\\Pipeline->{closure:{closure:Illuminate\\Pipeline\\Pipeline::carry():194}:195}(Object(Illuminate\\Http\\Request))
#61 C:\\Users\\Приятный\\Desktop\\project\\unik\\web\\PHP_BAZA\\laravel\\vendor\\laravel\\framework\\src\\Illuminate\\Foundation\\Http\\Kernel.php(175): Illuminate\\Pipeline\\Pipeline->then(Object(Closure))
#62 C:\\Users\\Приятный\\Desktop\\project\\unik\\web\\PHP_BAZA\\laravel\\vendor\\laravel\\framework\\src\\Illuminate\\Foundation\\Http\\Kernel.php(144): Illuminate\\Foundation\\Http\\Kernel->sendRequestThroughRouter(Object(Illuminate\\Http\\Request))
#63 C:\\Users\\Приятный\\Desktop\\project\\unik\\web\\PHP_BAZA\\laravel\\vendor\\laravel\\framework\\src\\Illuminate\\Foundation\\Application.php(1220): Illuminate\\Foundation\\Http\\Kernel->handle(Object(Illuminate\\Http\\Request))
#64 C:\\Users\\Приятный\\Desktop\\project\\unik\\web\\PHP_BAZA\\laravel\\public\\index.php(17): Illuminate\\Foundation\\Application->handleRequest(Object(Illuminate\\Http\\Request))
#65 {main}
"} 
[2025-12-21 04:33:25] local.ERROR: SQLSTATE[HY000] [2002] Подключение не установлено, т.к. конечный компьютер отверг запрос на подключение (Connection: mysql, SQL: select exists (select 1 from information_schema.tables where table_schema = schema() and table_name = 'migrations' and table_type in ('BASE TABLE', 'SYSTEM VERSIONED')) as `exists`) {"exception":"[object] (Illuminate\\Database\\QueryException(code: 2002): SQLSTATE[HY000] [2002] Подключение не установлено, т.к. конечный компьютер отверг запрос на подключение (Connection: mysql, SQL: select exists (select 1 from information_schema.tables where table_schema = schema() and table_name = 'migrations' and table_type in ('BASE TABLE', 'SYSTEM VERSIONED')) as `exists`) at C:\\Users\\Приятный\\Desktop\\project\\unik\\web\\PHP_BAZA\\laravel\\vendor\\laravel\\framework\\src\\Illuminate\\Database\\Connection.php:826)
[stacktrace]
#0 C:\\Users\\Приятный\\Desktop\\project\\unik\\web\\PHP_BAZA\\laravel\\vendor\\laravel\\framework\\src\\Illuminate\\Database\\Connection.php(780): Illuminate\\Database\\Connection->runQueryCallback('select exists (...', Array, Object(Closure))
#1 C:\\Users\\Приятный\\Desktop\\project\\unik\\web\\PHP_BAZA\\laravel\\vendor\\laravel\\framework\\src\\Illuminate\\Database\\Connection.php(397): Illuminate\\Database\\Connection->run('select exists (...', Array, Object(Closure))
#2 C:\\Users\\Приятный\\Desktop\\project\\unik\\web\\PHP_BAZA\\laravel\\vendor\\laravel\\framework\\src\\Illuminate\\Database\\Connection.php(343): Illuminate\\Database\\Connection->select('select exists (...', Array, true)
#3 C:\\Users\\Приятный\\Desktop\\project\\unik\\web\\PHP_BAZA\\laravel\\vendor\\laravel\\framework\\src\\Illuminate\\Database\\Connection.php(360): Illuminate\\Database\\Connection->selectOne('select exists (...', Array, true)
#4 C:\\Users\\Приятный\\Desktop\\project\\unik\\web\\PHP_BAZA\\laravel\\vendor\\laravel\\framework\\src\\Illuminate\\Database\\Schema\\Builder.php(174): Illuminate\\Database\\Connection->scalar('select exists (...')
#5 C:\\Users\\Приятный\\Desktop\\project\\unik\\web\\PHP_BAZA\\laravel\\vendor\\laravel\\framework\\src\\Illuminate\\Database\\Migrations\\DatabaseMigrationRepository.php(185): Illuminate\\Database\\Schema\\Builder->hasTable('migrations')
#6 C:\\Users\\Приятный\\Desktop\\project\\unik\\web\\PHP_BAZA\\laravel\\vendor\\laravel\\framework\\src\\Illuminate\\Database\\Migrations\\Migrator.php(753): Illuminate\\Database\\Migrations\\DatabaseMigrationRepository->repositoryExists()
#7 C:\\Users\\Приятный\\Desktop\\project\\unik\\web\\PHP_BAZA\\laravel\\vendor\\laravel\\framework\\src\\Illuminate\\Database\\Console\\Migrations\\MigrateCommand.php(164): Illuminate\\Database\\Migrations\\Migrator->repositoryExists()
#8 C:\\Users\\Приятный\\Desktop\\project\\unik\\web\\PHP_BAZA\\laravel\\vendor\\laravel\\framework\\src\\Illuminate\\Support\\helpers.php(329): Illuminate\\Database\\Console\\Migrations\\MigrateCommand->{closure:Illuminate\\Database\\Console\\Migrations\\MigrateCommand::repositoryExists():164}(1)
#9 C:\\Users\\Приятный\\Desktop\\project\\unik\\web\\PHP_BAZA\\laravel\\vendor\\laravel\\framework\\src\\Illuminate\\Database\\Console\\Migrations\\MigrateCommand.php(164): retry(1, Object(Closure), 0, Object(Closure))
#10 C:\\Users\\Приятный\\Desktop\\project\\unik\\web\\PHP_BAZA\\laravel\\vendor\\laravel\\framework\\src\\Illuminate\\Database\\Console\\Migrations\\MigrateCommand.php(140): Illuminate\\Database\\Console\\Migrations\\MigrateCommand->repositoryExists()
#11 C:\\Users\\Приятный\\Desktop\\project\\unik\\web\\PHP_BAZA\\laravel\\vendor\\laravel\\framework\\src\\Illuminate\\Database\\Console\\Migrations\\MigrateCommand.php(110): Illuminate\\Database\\Console\\Migrations\\MigrateCommand->prepareDatabase()
#12 C:\\Users\\Приятный\\Desktop\\project\\unik\\web\\PHP_BAZA\\laravel\\vendor\\laravel\\framework\\src\\Illuminate\\Database\\Migrations\\Migrator.php(666): Illuminate\\Database\\Console\\Migrations\\MigrateCommand->{closure:Illuminate\\Database\\Console\\Migrations\\MigrateCommand::runMigrations():109}()
#13 C:\\Users\\Приятный\\Desktop\\project\\unik\\web\\PHP_BAZA\\laravel\\vendor\\laravel\\framework\\src\\Illuminate\\Database\\Console\\Migrations\\MigrateCommand.php(109): Illuminate\\Database\\Migrations\\Migrator->usingConnection(NULL, Object(Closure))
#14 C:\\Users\\Приятный\\Desktop\\project\\unik\\web\\PHP_BAZA\\laravel\\vendor\\laravel\\framework\\src\\Illuminate\\Database\\Console\\Migrations\\MigrateCommand.php(88): Illuminate\\Database\\Console\\Migrations\\MigrateCommand->runMigrations()
#15 C:\\Users\\Приятный\\Desktop\\project\\unik\\web\\PHP_BAZA\\laravel\\vendor\\laravel\\framework\\src\\Illuminate\\Container\\BoundMethod.php(36): Illuminate\\Database\\Console\\Migrations\\MigrateCommand->handle()
#16 C:\\Users\\Приятный\\Desktop\\project\\unik\\web\\PHP_BAZA\\laravel\\vendor\\laravel\\framework\\src\\Illuminate\\Container\\Util.php(43): Illuminate\\Container\\BoundMethod::{closure:Illuminate\\Container\\BoundMethod::call():35}()
#17 C:\\Users\\Приятный\\Desktop\\project\\unik\\web\\PHP_BAZA\\laravel\\vendor\\laravel\\framework\\src\\Illuminate\\Container\\BoundMethod.php(96): Illuminate\\Container\\Util::unwrapIfClosure(Object(Closure))
#18 C:\\Users\\Приятный\\Desktop\\project\\unik\\web\\PHP_BAZA\\laravel\\vendor\\laravel\\framework\\src\\Illuminate\\Container\\BoundMethod.php(35): Illuminate\\Container\\BoundMethod::callBoundMethod(Object(Illuminate\\Foundation\\Application), Array, Object(Closure))
#19 C:\\Users\\Приятный\\Desktop\\project\\unik\\web\\PHP_BAZA\\laravel\\vendor\\laravel\\framework\\src\\Illuminate\\Container\\Container.php(799): Illuminate\\Container\\BoundMethod::call(Object(Illuminate\\Foundation\\Application), Array, Array, NULL)
#20 C:\\Users\\Приятный\\Desktop\\project\\unik\\web\\PHP_BAZA\\laravel\\vendor\\laravel\\framework\\src\\Illuminate\\Console\\Command.php(211): Illuminate\\Container\\Container->call(Array)
#21 C:\\Users\\Приятный\\Desktop\\project\\unik\\web\\PHP_BAZA\\laravel\\vendor\\symfony\\console\\Command\\Command.php(341): Illuminate\\Console\\Command->execute(Object(Symfony\\Component\\Console\\Input\\ArgvInput), Object(Illuminate\\Console\\OutputStyle))
#22 C:\\Users\\Приятный\\Desktop\\project\\unik\\web\\PHP_BAZA\\laravel\\vendor\\laravel\\framework\\src\\Illuminate\\Console\\Command.php(180): Symfony\\Component\\Console\\Command\\Command->run(Object(Symfony\\Component\\Console\\Input\\ArgvInput), Object(Illuminate\\Console\\OutputStyle))
#23 C:\\Users\\Приятный\\Desktop\\project\\unik\\web\\PHP_BAZA\\laravel\\vendor\\symfony\\console\\Application.php(1102): Illuminate\\Console\\Command->run(Object(Symfony\\Component\\Console\\Input\\ArgvInput), Object(Symfony\\Component\\Console\\Output\\ConsoleOutput))
#24 C:\\Users\\Приятный\\Desktop\\project\\unik\\web\\PHP_BAZA\\laravel\\vendor\\symfony\\console\\Application.php(356): Symfony\\Component\\Console\\Application->doRunCommand(Object(Illuminate\\Database\\Console\\Migrations\\MigrateCommand), Object(Symfony\\Component\\Console\\Input\\ArgvInput), Object(Symfony\\Component\\Console\\Output\\ConsoleOutput))
#25 C:\\Users\\Приятный\\Desktop\\project\\unik\\web\\PHP_BAZA\\laravel\\vendor\\symfony\\console\\Application.php(195): Symfony\\Component\\Console\\Application->doRun(Object(Symfony\\Component\\Console\\Input\\ArgvInput), Object(Symfony\\Component\\Console\\Output\\ConsoleOutput))
#26 C:\\Users\\Приятный\\Desktop\\project\\unik\\web\\PHP_BAZA\\laravel\\vendor\\laravel\\framework\\src\\Illuminate\\Foundation\\Console\\Kernel.php(198): Symfony\\Component\\Console\\Application->run(Object(Symfony\\Component\\Console\\Input\\ArgvInput), Object(Symfony\\Component\\Console\\Output\\ConsoleOutput))
#27 C:\\Users\\Приятный\\Desktop\\project\\unik\\web\\PHP_BAZA\\laravel\\vendor\\laravel\\framework\\src\\Illuminate\\Foundation\\Application.php(1235): Illuminate\\Foundation\\Console\\Kernel->handle(Object(Symfony\\Component\\Console\\Input\\ArgvInput), Object(Symfony\\Component\\Console\\Output\\ConsoleOutput))
#28 C:\\Users\\Приятный\\Desktop\\project\\unik\\web\\PHP_BAZA\\laravel\\artisan(16): Illuminate\\Foundation\\Application->handleCommand(Object(Symfony\\Component\\Console\\Input\\ArgvInput))
#29 {main}

[previous exception] [object] (PDOException(code: 2002): SQLSTATE[HY000] [2002] Подключение не установлено, т.к. конечный компьютер отверг запрос на подключение at C:\\Users\\Приятный\\Desktop\\project\\unik\\web\\PHP_BAZA\\laravel\\vendor\\laravel\\framework\\src\\Illuminate\\Database\\Connectors\\Connector.php:67)
[stacktrace]
#0 C:\\Users\\Приятный\\Desktop\\project\\unik\\web\\PHP_BAZA\\laravel\\vendor\\laravel\\framework\\src\\Illuminate\\Database\\Connectors\\Connector.php(67): PDO::connect('mysql:host=127....', 'root', Object(SensitiveParameterValue), Array)
#1 C:\\Users\\Приятный\\Desktop\\project\\unik\\web\\PHP_BAZA\\laravel\\vendor\\laravel\\framework\\src\\Illuminate\\Database\\Connectors\\Connector.php(44): Illuminate\\Database\\Connectors\\Connector->createPdoConnection('mysql:host=127....', 'root', Object(SensitiveParameterValue), Array)
#2 C:\\Users\\Приятный\\Desktop\\project\\unik\\web\\PHP_BAZA\\laravel\\vendor\\laravel\\framework\\src\\Illuminate\\Database\\Connectors\\MySqlConnector.php(24): Illuminate\\Database\\Connectors\\Connector->createConnection('mysql:host=127....', Array, Array)
#3 C:\\Users\\Приятный\\Desktop\\project\\unik\\web\\PHP_BAZA\\laravel\\vendor\\laravel\\framework\\src\\Illuminate\\Database\\Connectors\\ConnectionFactory.php(184): Illuminate\\Database\\Connectors\\MySqlConnector->connect(Array)
#4 [internal function]: Illuminate\\Database\\Connectors\\ConnectionFactory->{closure:Illuminate\\Database\\Connectors\\ConnectionFactory::createPdoResolverWithHosts():179}()
#5 C:\\Users\\Приятный\\Desktop\\project\\unik\\web\\PHP_BAZA\\laravel\\vendor\\laravel\\framework\\src\\Illuminate\\Database\\Connection.php(1236): call_user_func(Object(Closure))
#6 C:\\Users\\Приятный\\Desktop\\project\\unik\\web\\PHP_BAZA\\laravel\\vendor\\laravel\\framework\\src\\Illuminate\\Database\\Connection.php(1272): Illuminate\\Database\\Connection->getPdo()
#7 C:\\Users\\Приятный\\Desktop\\project\\unik\\web\\PHP_BAZA\\laravel\\vendor\\laravel\\framework\\src\\Illuminate\\Database\\Connection.php(511): Illuminate\\Database\\Connection->getReadPdo()
#8 C:\\Users\\Приятный\\Desktop\\project\\unik\\web\\PHP_BAZA\\laravel\\vendor\\laravel\\framework\\src\\Illuminate\\Database\\Connection.php(406): Illuminate\\Database\\Connection->getPdoForSelect(true)
#9 C:\\Users\\Приятный\\Desktop\\project\\unik\\web\\PHP_BAZA\\laravel\\vendor\\laravel\\framework\\src\\Illuminate\\Database\\Connection.php(813): Illuminate\\Database\\Connection->{closure:Illuminate\\Database\\Connection::select():397}('select exists (...', Array)
#10 C:\\Users\\Приятный\\Desktop\\project\\unik\\web\\PHP_BAZA\\laravel\\vendor\\laravel\\framework\\src\\Illuminate\\Database\\Connection.php(780): Illuminate\\Database\\Connection->runQueryCallback('select exists (...', Array, Object(Closure))
#11 C:\\Users\\Приятный\\Desktop\\project\\unik\\web\\PHP_BAZA\\laravel\\vendor\\laravel\\framework\\src\\Illuminate\\Database\\Connection.php(397): Illuminate\\Database\\Connection->run('select exists (...', Array, Object(Closure))
#12 C:\\Users\\Приятный\\Desktop\\project\\unik\\web\\PHP_BAZA\\laravel\\vendor\\laravel\\framework\\src\\Illuminate\\Database\\Connection.php(343): Illuminate\\Database\\Connection->select('select exists (...', Array, true)
#13 C:\\Users\\Приятный\\Desktop\\project\\unik\\web\\PHP_BAZA\\laravel\\vendor\\laravel\\framework\\src\\Illuminate\\Database\\Connection.php(360): Illuminate\\Database\\Connection->selectOne('select exists (...', Array, true)
#14 C:\\Users\\Приятный\\Desktop\\project\\unik\\web\\PHP_BAZA\\laravel\\vendor\\laravel\\framework\\src\\Illuminate\\Database\\Schema\\Builder.php(174): Illuminate\\Database\\Connection->scalar('select exists (...')
#15 C:\\Users\\Приятный\\Desktop\\project\\unik\\web\\PHP_BAZA\\laravel\\vendor\\laravel\\framework\\src\\Illuminate\\Database\\Migrations\\DatabaseMigrationRepository.php(185): Illuminate\\Database\\Schema\\Builder->hasTable('migrations')
#16 C:\\Users\\Приятный\\Desktop\\project\\unik\\web\\PHP_BAZA\\laravel\\vendor\\laravel\\framework\\src\\Illuminate\\Database\\Migrations\\Migrator.php(753): Illuminate\\Database\\Migrations\\DatabaseMigrationRepository->repositoryExists()
#17 C:\\Users\\Приятный\\Desktop\\project\\unik\\web\\PHP_BAZA\\laravel\\vendor\\laravel\\framework\\src\\Illuminate\\Database\\Console\\Migrations\\MigrateCommand.php(164): Illuminate\\Database\\Migrations\\Migrator->repositoryExists()
#18 C:\\Users\\Приятный\\Desktop\\project\\unik\\web\\PHP_BAZA\\laravel\\vendor\\laravel\\framework\\src\\Illuminate\\Support\\helpers.php(329): Illuminate\\Database\\Console\\Migrations\\MigrateCommand->{closure:Illuminate\\Database\\Console\\Migrations\\MigrateCommand::repositoryExists():164}(1)
#19 C:\\Users\\Приятный\\Desktop\\project\\unik\\web\\PHP_BAZA\\laravel\\vendor\\laravel\\framework\\src\\Illuminate\\Database\\Console\\Migrations\\MigrateCommand.php(164): retry(1, Object(Closure), 0, Object(Closure))
#20 C:\\Users\\Приятный\\Desktop\\project\\unik\\web\\PHP_BAZA\\laravel\\vendor\\laravel\\framework\\src\\Illuminate\\Database\\Console\\Migrations\\MigrateCommand.php(140): Illuminate\\Database\\Console\\Migrations\\MigrateCommand->repositoryExists()
#21 C:\\Users\\Приятный\\Desktop\\project\\unik\\web\\PHP_BAZA\\laravel\\vendor\\laravel\\framework\\src\\Illuminate\\Database\\Console\\Migrations\\MigrateCommand.php(110): Illuminate\\Database\\Console\\Migrations\\MigrateCommand->prepareDatabase()
#22 C:\\Users\\Приятный\\Desktop\\project\\unik\\web\\PHP_BAZA\\laravel\\vendor\\laravel\\framework\\src\\Illuminate\\Database\\Migrations\\Migrator.php(666): Illuminate\\Database\\Console\\Migrations\\MigrateCommand->{closure:Illuminate\\Database\\Console\\Migrations\\MigrateCommand::runMigrations():109}()
#23 C:\\Users\\Приятный\\Desktop\\project\\unik\\web\\PHP_BAZA\\laravel\\vendor\\laravel\\framework\\src\\Illuminate\\Database\\Console\\Migrations\\MigrateCommand.php(109): Illuminate\\Database\\Migrations\\Migrator->usingConnection(NULL, Object(Closure))
#24 C:\\Users\\Приятный\\Desktop\\project\\unik\\web\\PHP_BAZA\\laravel\\vendor\\laravel\\framework\\src\\Illuminate\\Database\\Console\\Migrations\\MigrateCommand.php(88): Illuminate\\Database\\Console\\Migrations\\MigrateCommand->runMigrations()
#25 C:\\Users\\Приятный\\Desktop\\project\\unik\\web\\PHP_BAZA\\laravel\\vendor\\laravel\\framework\\src\\Illuminate\\Container\\BoundMethod.php(36): Illuminate\\Database\\Console\\Migrations\\MigrateCommand->handle()
#26 C:\\Users\\Приятный\\Desktop\\project\\unik\\web\\PHP_BAZA\\laravel\\vendor\\laravel\\framework\\src\\Illuminate\\Container\\Util.php(43): Illuminate\\Container\\BoundMethod::{closure:Illuminate\\Container\\BoundMethod::call():35}()
#27 C:\\Users\\Приятный\\Desktop\\project\\unik\\web\\PHP_BAZA\\laravel\\vendor\\laravel\\framework\\src\\Illuminate\\Container\\BoundMethod.php(96): Illuminate\\Container\\Util::unwrapIfClosure(Object(Closure))
#28 C:\\Users\\Приятный\\Desktop\\project\\unik\\web\\PHP_BAZA\\laravel\\vendor\\laravel\\framework\\src\\Illuminate\\Container\\BoundMethod.php(35): Illuminate\\Container\\BoundMethod::callBoundMethod(Object(Illuminate\\Foundation\\Application), Array, Object(Closure))
#29 C:\\Users\\Приятный\\Desktop\\project\\unik\\web\\PHP_BAZA\\laravel\\vendor\\laravel\\framework\\src\\Illuminate\\Container\\Container.php(799): Illuminate\\Container\\BoundMethod::call(Object(Illuminate\\Foundation\\Application), Array, Array, NULL)
#30 C:\\Users\\Приятный\\Desktop\\project\\unik\\web\\PHP_BAZA\\laravel\\vendor\\laravel\\framework\\src\\Illuminate\\Console\\Command.php(211): Illuminate\\Container\\Container->call(Array)
#31 C:\\Users\\Приятный\\Desktop\\project\\unik\\web\\PHP_BAZA\\laravel\\vendor\\symfony\\console\\Command\\Command.php(341): Illuminate\\Console\\Command->execute(Object(Symfony\\Component\\Console\\Input\\ArgvInput), Object(Illuminate\\Console\\OutputStyle))
#32 C:\\Users\\Приятный\\Desktop\\project\\unik\\web\\PHP_BAZA\\laravel\\vendor\\laravel\\framework\\src\\Illuminate\\Console\\Command.php(180): Symfony\\Component\\Console\\Command\\Command->run(Object(Symfony\\Component\\Console\\Input\\ArgvInput), Object(Illuminate\\Console\\OutputStyle))
#33 C:\\Users\\Приятный\\Desktop\\project\\unik\\web\\PHP_BAZA\\laravel\\vendor\\symfony\\console\\Application.php(1102): Illuminate\\Console\\Command->run(Object(Symfony\\Component\\Console\\Input\\ArgvInput), Object(Symfony\\Component\\Console\\Output\\ConsoleOutput))
#34 C:\\Users\\Приятный\\Desktop\\project\\unik\\web\\PHP_BAZA\\laravel\\vendor\\symfony\\console\\Application.php(356): Symfony\\Component\\Console\\Application->doRunCommand(Object(Illuminate\\Database\\Console\\Migrations\\MigrateCommand), Object(Symfony\\Component\\Console\\Input\\ArgvInput), Object(Symfony\\Component\\Console\\Output\\ConsoleOutput))
#35 C:\\Users\\Приятный\\Desktop\\project\\unik\\web\\PHP_BAZA\\laravel\\vendor\\symfony\\console\\Application.php(195): Symfony\\Component\\Console\\Application->doRun(Object(Symfony\\Component\\Console\\Input\\ArgvInput), Object(Symfony\\Component\\Console\\Output\\ConsoleOutput))
#36 C:\\Users\\Приятный\\Desktop\\project\\unik\\web\\PHP_BAZA\\laravel\\vendor\\laravel\\framework\\src\\Illuminate\\Foundation\\Console\\Kernel.php(198): Symfony\\Component\\Console\\Application->run(Object(Symfony\\Component\\Console\\Input\\ArgvInput), Object(Symfony\\Component\\Console\\Output\\ConsoleOutput))
#37 C:\\Users\\Приятный\\Desktop\\project\\unik\\web\\PHP_BAZA\\laravel\\vendor\\laravel\\framework\\src\\Illuminate\\Foundation\\Application.php(1235): Illuminate\\Foundation\\Console\\Kernel->handle(Object(Symfony\\Component\\Console\\Input\\ArgvInput), Object(Symfony\\Component\\Console\\Output\\ConsoleOutput))
#38 C:\\Users\\Приятный\\Desktop\\project\\unik\\web\\PHP_BAZA\\laravel\\artisan(16): Illuminate\\Foundation\\Application->handleCommand(Object(Symfony\\Component\\Console\\Input\\ArgvInput))
#39 {main}
"} 
[2025-12-21 04:35:34] local.ERROR: SQLSTATE[42S21]: Column already exists: 1060 Duplicate column name 'created_at' (Connection: mysql, SQL: alter table `tasks` add `created_at` timestamp null after `completed`) {"exception":"[object] (Illuminate\\Database\\QueryException(code: 42S21): SQLSTATE[42S21]: Column already exists: 1060 Duplicate column name 'created_at' (Connection: mysql, SQL: alter table `tasks` add `created_at` timestamp null after `completed`) at C:\\Users\\Приятный\\Desktop\\project\\unik\\web\\PHP_BAZA\\laravel\\vendor\\laravel\\framework\\src\\Illuminate\\Database\\Connection.php:826)
[stacktrace]
#0 C:\\Users\\Приятный\\Desktop\\project\\unik\\web\\PHP_BAZA\\laravel\\vendor\\laravel\\framework\\src\\Illuminate\\Database\\Connection.php(780): Illuminate\\Database\\Connection->runQueryCallback('alter table `ta...', Array, Object(Closure))
#1 C:\\Users\\Приятный\\Desktop\\project\\unik\\web\\PHP_BAZA\\laravel\\vendor\\laravel\\framework\\src\\Illuminate\\Database\\Connection.php(559): Illuminate\\Database\\Connection->run('alter table `ta...', Array, Object(Closure))
#2 C:\\Users\\Приятный\\Desktop\\project\\unik\\web\\PHP_BAZA\\laravel\\vendor\\laravel\\framework\\src\\Illuminate\\Database\\Schema\\Blueprint.php(121): Illuminate\\Database\\Connection->statement('alter table `ta...')
#3 C:\\Users\\Приятный\\Desktop\\project\\unik\\web\\PHP_BAZA\\laravel\\vendor\\laravel\\framework\\src\\Illuminate\\Database\\Schema\\Builder.php(650): Illuminate\\Database\\Schema\\Blueprint->build()
#4 C:\\Users\\Приятный\\Desktop\\project\\unik\\web\\PHP_BAZA\\laravel\\vendor\\laravel\\framework\\src\\Illuminate\\Database\\Schema\\Builder.php(492): Illuminate\\Database\\Schema\\Builder->build(Object(Illuminate\\Database\\Schema\\Blueprint))
#5 C:\\Users\\Приятный\\Desktop\\project\\unik\\web\\PHP_BAZA\\laravel\\vendor\\laravel\\framework\\src\\Illuminate\\Support\\Facades\\Facade.php(363): Illuminate\\Database\\Schema\\Builder->table('tasks', Object(Closure))
#6 C:\\Users\\Приятный\\Desktop\\project\\unik\\web\\PHP_BAZA\\laravel\\database\\migrations\\2025_12_21_043317_add_timestamps_to_tasks_table.php(14): Illuminate\\Support\\Facades\\Facade::__callStatic('table', Array)
#7 C:\\Users\\Приятный\\Desktop\\project\\unik\\web\\PHP_BAZA\\laravel\\vendor\\laravel\\framework\\src\\Illuminate\\Database\\Migrations\\Migrator.php(514): Illuminate\\Database\\Migrations\\Migration@anonymous->up()
#8 C:\\Users\\Приятный\\Desktop\\project\\unik\\web\\PHP_BAZA\\laravel\\vendor\\laravel\\framework\\src\\Illuminate\\Database\\Migrations\\Migrator.php(439): Illuminate\\Database\\Migrations\\Migrator->runMethod(Object(Illuminate\\Database\\MySqlConnection), Object(Illuminate\\Database\\Migrations\\Migration@anonymous), 'up')
#9 C:\\Users\\Приятный\\Desktop\\project\\unik\\web\\PHP_BAZA\\laravel\\vendor\\laravel\\framework\\src\\Illuminate\\Database\\Migrations\\Migrator.php(448): Illuminate\\Database\\Migrations\\Migrator->{closure:Illuminate\\Database\\Migrations\\Migrator::runMigration():435}()
#10 C:\\Users\\Приятный\\Desktop\\project\\unik\\web\\PHP_BAZA\\laravel\\vendor\\laravel\\framework\\src\\Illuminate\\Database\\Migrations\\Migrator.php(250): Illuminate\\Database\\Migrations\\Migrator->runMigration(Object(Illuminate\\Database\\Migrations\\Migration@anonymous), 'up')
#11 C:\\Users\\Приятный\\Desktop\\project\\unik\\web\\PHP_BAZA\\laravel\\vendor\\laravel\\framework\\src\\Illuminate\\Console\\View\\Components\\Task.php(41): Illuminate\\Database\\Migrations\\Migrator->{closure:Illuminate\\Database\\Migrations\\Migrator::runUp():250}()
#12 C:\\Users\\Приятный\\Desktop\\project\\unik\\web\\PHP_BAZA\\laravel\\vendor\\laravel\\framework\\src\\Illuminate\\Database\\Migrations\\Migrator.php(809): Illuminate\\Console\\View\\Components\\Task->render('2025_12_21_0433...', Object(Closure))
#13 C:\\Users\\Приятный\\Desktop\\project\\unik\\web\\PHP_BAZA\\laravel\\vendor\\laravel\\framework\\src\\Illuminate\\Database\\Migrations\\Migrator.php(250): Illuminate\\Database\\Migrations\\Migrator->write('Illuminate\\\\Cons...', '2025_12_21_0433...', Object(Closure))
#14 C:\\Users\\Приятный\\Desktop\\project\\unik\\web\\PHP_BAZA\\laravel\\vendor\\laravel\\framework\\src\\Illuminate\\Database\\Migrations\\Migrator.php(210): Illuminate\\Database\\Migrations\\Migrator->runUp('C:\\\\Users\\\\\\xD0\\x9F\\xD1\\x80\\xD0\\xB8...', 2, false)
#15 C:\\Users\\Приятный\\Desktop\\project\\unik\\web\\PHP_BAZA\\laravel\\vendor\\laravel\\framework\\src\\Illuminate\\Database\\Migrations\\Migrator.php(137): Illuminate\\Database\\Migrations\\Migrator->runPending(Array, Array)
#16 C:\\Users\\Приятный\\Desktop\\project\\unik\\web\\PHP_BAZA\\laravel\\vendor\\laravel\\framework\\src\\Illuminate\\Database\\Console\\Migrations\\MigrateCommand.php(116): Illuminate\\Database\\Migrations\\Migrator->run(Array, Array)
#17 C:\\Users\\Приятный\\Desktop\\project\\unik\\web\\PHP_BAZA\\laravel\\vendor\\laravel\\framework\\src\\Illuminate\\Database\\Migrations\\Migrator.php(666): Illuminate\\Database\\Console\\Migrations\\MigrateCommand->{closure:Illuminate\\Database\\Console\\Migrations\\MigrateCommand::runMigrations():109}()
#18 C:\\Users\\Приятный\\Desktop\\project\\unik\\web\\PHP_BAZA\\laravel\\vendor\\laravel\\framework\\src\\Illuminate\\Database\\Console\\Migrations\\MigrateCommand.php(109): Illuminate\\Database\\Migrations\\Migrator->usingConnection(NULL, Object(Closure))
#19 C:\\Users\\Приятный\\Desktop\\project\\unik\\web\\PHP_BAZA\\laravel\\vendor\\laravel\\framework\\src\\Illuminate\\Database\\Console\\Migrations\\MigrateCommand.php(88): Illuminate\\Database\\Console\\Migrations\\MigrateCommand->runMigrations()
#20 C:\\Users\\Приятный\\Desktop\\project\\unik\\web\\PHP_BAZA\\laravel\\vendor\\laravel\\framework\\src\\Illuminate\\Container\\BoundMethod.php(36): Illuminate\\Database\\Console\\Migrations\\MigrateCommand->handle()
#21 C:\\Users\\Приятный\\Desktop\\project\\unik\\web\\PHP_BAZA\\laravel\\vendor\\laravel\\framework\\src\\Illuminate\\Container\\Util.php(43): Illuminate\\Container\\BoundMethod::{closure:Illuminate\\Container\\BoundMethod::call():35}()
#22 C:\\Users\\Приятный\\Desktop\\project\\unik\\web\\PHP_BAZA\\laravel\\vendor\\laravel\\framework\\src\\Illuminate\\Container\\BoundMethod.php(96): Illuminate\\Container\\Util::unwrapIfClosure(Object(Closure))
#23 C:\\Users\\Приятный\\Desktop\\project\\unik\\web\\PHP_BAZA\\laravel\\vendor\\laravel\\framework\\src\\Illuminate\\Container\\BoundMethod.php(35): Illuminate\\Container\\BoundMethod::callBoundMethod(Object(Illuminate\\Foundation\\Application), Array, Object(Closure))
#24 C:\\Users\\Приятный\\Desktop\\project\\unik\\web\\PHP_BAZA\\laravel\\vendor\\laravel\\framework\\src\\Illuminate\\Container\\Container.php(799): Illuminate\\Container\\BoundMethod::call(Object(Illuminate\\Foundation\\Application), Array, Array, NULL)
#25 C:\\Users\\Приятный\\Desktop\\project\\unik\\web\\PHP_BAZA\\laravel\\vendor\\laravel\\framework\\src\\Illuminate\\Console\\Command.php(211): Illuminate\\Container\\Container->call(Array)
#26 C:\\Users\\Приятный\\Desktop\\project\\unik\\web\\PHP_BAZA\\laravel\\vendor\\symfony\\console\\Command\\Command.php(341): Illuminate\\Console\\Command->execute(Object(Symfony\\Component\\Console\\Input\\ArgvInput), Object(Illuminate\\Console\\OutputStyle))
#27 C:\\Users\\Приятный\\Desktop\\project\\unik\\web\\PHP_BAZA\\laravel\\vendor\\laravel\\framework\\src\\Illuminate\\Console\\Command.php(180): Symfony\\Component\\Console\\Command\\Command->run(Object(Symfony\\Component\\Console\\Input\\ArgvInput), Object(Illuminate\\Console\\OutputStyle))
#28 C:\\Users\\Приятный\\Desktop\\project\\unik\\web\\PHP_BAZA\\laravel\\vendor\\symfony\\console\\Application.php(1102): Illuminate\\Console\\Command->run(Object(Symfony\\Component\\Console\\Input\\ArgvInput), Object(Symfony\\Component\\Console\\Output\\ConsoleOutput))
#29 C:\\Users\\Приятный\\Desktop\\project\\unik\\web\\PHP_BAZA\\laravel\\vendor\\symfony\\console\\Application.php(356): Symfony\\Component\\Console\\Application->doRunCommand(Object(Illuminate\\Database\\Console\\Migrations\\MigrateCommand), Object(Symfony\\Component\\Console\\Input\\ArgvInput), Object(Symfony\\Component\\Console\\Output\\ConsoleOutput))
#30 C:\\Users\\Приятный\\Desktop\\project\\unik\\web\\PHP_BAZA\\laravel\\vendor\\symfony\\console\\Application.php(195): Symfony\\Component\\Console\\Application->doRun(Object(Symfony\\Component\\Console\\Input\\ArgvInput), Object(Symfony\\Component\\Console\\Output\\ConsoleOutput))
#31 C:\\Users\\Приятный\\Desktop\\project\\unik\\web\\PHP_BAZA\\laravel\\vendor\\laravel\\framework\\src\\Illuminate\\Foundation\\Console\\Kernel.php(198): Symfony\\Component\\Console\\Application->run(Object(Symfony\\Component\\Console\\Input\\ArgvInput), Object(Symfony\\Component\\Console\\Output\\ConsoleOutput))
#32 C:\\Users\\Приятный\\Desktop\\project\\unik\\web\\PHP_BAZA\\laravel\\vendor\\laravel\\framework\\src\\Illuminate\\Foundation\\Application.php(1235): Illuminate\\Foundation\\Console\\Kernel->handle(Object(Symfony\\Component\\Console\\Input\\ArgvInput), Object(Symfony\\Component\\Console\\Output\\ConsoleOutput))
#33 C:\\Users\\Приятный\\Desktop\\project\\unik\\web\\PHP_BAZA\\laravel\\artisan(16): Illuminate\\Foundation\\Application->handleCommand(Object(Symfony\\Component\\Console\\Input\\ArgvInput))
#34 {main}

[previous exception] [object] (PDOException(code: 42S21): SQLSTATE[42S21]: Column already exists: 1060 Duplicate column name 'created_at' at C:\\Users\\Приятный\\Desktop\\project\\unik\\web\\PHP_BAZA\\laravel\\vendor\\laravel\\framework\\src\\Illuminate\\Database\\Connection.php:570)
[stacktrace]
#0 C:\\Users\\Приятный\\Desktop\\project\\unik\\web\\PHP_BAZA\\laravel\\vendor\\laravel\\framework\\src\\Illuminate\\Database\\Connection.php(570): PDOStatement->execute()
#1 C:\\Users\\Приятный\\Desktop\\project\\unik\\web\\PHP_BAZA\\laravel\\vendor\\laravel\\framework\\src\\Illuminate\\Database\\Connection.php(813): Illuminate\\Database\\Connection->{closure:Illuminate\\Database\\Connection::statement():559}('alter table `ta...', Array)
#2 C:\\Users\\Приятный\\Desktop\\project\\unik\\web\\PHP_BAZA\\laravel\\vendor\\laravel\\framework\\src\\Illuminate\\Database\\Connection.php(780): Illuminate\\Database\\Connection->runQueryCallback('alter table `ta...', Array, Object(Closure))
#3 C:\\Users\\Приятный\\Desktop\\project\\unik\\web\\PHP_BAZA\\laravel\\vendor\\laravel\\framework\\src\\Illuminate\\Database\\Connection.php(559): Illuminate\\Database\\Connection->run('alter table `ta...', Array, Object(Closure))
#4 C:\\Users\\Приятный\\Desktop\\project\\unik\\web\\PHP_BAZA\\laravel\\vendor\\laravel\\framework\\src\\Illuminate\\Database\\Schema\\Blueprint.php(121): Illuminate\\Database\\Connection->statement('alter table `ta...')
#5 C:\\Users\\Приятный\\Desktop\\project\\unik\\web\\PHP_BAZA\\laravel\\vendor\\laravel\\framework\\src\\Illuminate\\Database\\Schema\\Builder.php(650): Illuminate\\Database\\Schema\\Blueprint->build()
#6 C:\\Users\\Приятный\\Desktop\\project\\unik\\web\\PHP_BAZA\\laravel\\vendor\\laravel\\framework\\src\\Illuminate\\Database\\Schema\\Builder.php(492): Illuminate\\Database\\Schema\\Builder->build(Object(Illuminate\\Database\\Schema\\Blueprint))
#7 C:\\Users\\Приятный\\Desktop\\project\\unik\\web\\PHP_BAZA\\laravel\\vendor\\laravel\\framework\\src\\Illuminate\\Support\\Facades\\Facade.php(363): Illuminate\\Database\\Schema\\Builder->table('tasks', Object(Closure))
#8 C:\\Users\\Приятный\\Desktop\\project\\unik\\web\\PHP_BAZA\\laravel\\database\\migrations\\2025_12_21_043317_add_timestamps_to_tasks_table.php(14): Illuminate\\Support\\Facades\\Facade::__callStatic('table', Array)
#9 C:\\Users\\Приятный\\Desktop\\project\\unik\\web\\PHP_BAZA\\laravel\\vendor\\laravel\\framework\\src\\Illuminate\\Database\\Migrations\\Migrator.php(514): Illuminate\\Database\\Migrations\\Migration@anonymous->up()
#10 C:\\Users\\Приятный\\Desktop\\project\\unik\\web\\PHP_BAZA\\laravel\\vendor\\laravel\\framework\\src\\Illuminate\\Database\\Migrations\\Migrator.php(439): Illuminate\\Database\\Migrations\\Migrator->runMethod(Object(Illuminate\\Database\\MySqlConnection), Object(Illuminate\\Database\\Migrations\\Migration@anonymous), 'up')
#11 C:\\Users\\Приятный\\Desktop\\project\\unik\\web\\PHP_BAZA\\laravel\\vendor\\laravel\\framework\\src\\Illuminate\\Database\\Migrations\\Migrator.php(448): Illuminate\\Database\\Migrations\\Migrator->{closure:Illuminate\\Database\\Migrations\\Migrator::runMigration():435}()
#12 C:\\Users\\Приятный\\Desktop\\project\\unik\\web\\PHP_BAZA\\laravel\\vendor\\laravel\\framework\\src\\Illuminate\\Database\\Migrations\\Migrator.php(250): Illuminate\\Database\\Migrations\\Migrator->runMigration(Object(Illuminate\\Database\\Migrations\\Migration@anonymous), 'up')
#13 C:\\Users\\Приятный\\Desktop\\project\\unik\\web\\PHP_BAZA\\laravel\\vendor\\laravel\\framework\\src\\Illuminate\\Console\\View\\Components\\Task.php(41): Illuminate\\Database\\Migrations\\Migrator->{closure:Illuminate\\Database\\Migrations\\Migrator::runUp():250}()
#14 C:\\Users\\Приятный\\Desktop\\project\\unik\\web\\PHP_BAZA\\laravel\\vendor\\laravel\\framework\\src\\Illuminate\\Database\\Migrations\\Migrator.php(809): Illuminate\\Console\\View\\Components\\Task->render('2025_12_21_0433...', Object(Closure))
#15 C:\\Users\\Приятный\\Desktop\\project\\unik\\web\\PHP_BAZA\\laravel\\vendor\\laravel\\framework\\src\\Illuminate\\Database\\Migrations\\Migrator.php(250): Illuminate\\Database\\Migrations\\Migrator->write('Illuminate\\\\Cons...', '2025_12_21_0433...', Object(Closure))
#16 C:\\Users\\Приятный\\Desktop\\project\\unik\\web\\PHP_BAZA\\laravel\\vendor\\laravel\\framework\\src\\Illuminate\\Database\\Migrations\\Migrator.php(210): Illuminate\\Database\\Migrations\\Migrator->runUp('C:\\\\Users\\\\\\xD0\\x9F\\xD1\\x80\\xD0\\xB8...', 2, false)
#17 C:\\Users\\Приятный\\Desktop\\project\\unik\\web\\PHP_BAZA\\laravel\\vendor\\laravel\\framework\\src\\Illuminate\\Database\\Migrations\\Migrator.php(137): Illuminate\\Database\\Migrations\\Migrator->runPending(Array, Array)
#18 C:\\Users\\Приятный\\Desktop\\project\\unik\\web\\PHP_BAZA\\laravel\\vendor\\laravel\\framework\\src\\Illuminate\\Database\\Console\\Migrations\\MigrateCommand.php(116): Illuminate\\Database\\Migrations\\Migrator->run(Array, Array)
#19 C:\\Users\\Приятный\\Desktop\\project\\unik\\web\\PHP_BAZA\\laravel\\vendor\\laravel\\framework\\src\\Illuminate\\Database\\Migrations\\Migrator.php(666): Illuminate\\Database\\Console\\Migrations\\MigrateCommand->{closure:Illuminate\\Database\\Console\\Migrations\\MigrateCommand::runMigrations():109}()
#20 C:\\Users\\Приятный\\Desktop\\project\\unik\\web\\PHP_BAZA\\laravel\\vendor\\laravel\\framework\\src\\Illuminate\\Database\\Console\\Migrations\\MigrateCommand.php(109): Illuminate\\Database\\Migrations\\Migrator->usingConnection(NULL, Object(Closure))
#21 C:\\Users\\Приятный\\Desktop\\project\\unik\\web\\PHP_BAZA\\laravel\\vendor\\laravel\\framework\\src\\Illuminate\\Database\\Console\\Migrations\\MigrateCommand.php(88): Illuminate\\Database\\Console\\Migrations\\MigrateCommand->runMigrations()
#22 C:\\Users\\Приятный\\Desktop\\project\\unik\\web\\PHP_BAZA\\laravel\\vendor\\laravel\\framework\\src\\Illuminate\\Container\\BoundMethod.php(36): Illuminate\\Database\\Console\\Migrations\\MigrateCommand->handle()
#23 C:\\Users\\Приятный\\Desktop\\project\\unik\\web\\PHP_BAZA\\laravel\\vendor\\laravel\\framework\\src\\Illuminate\\Container\\Util.php(43): Illuminate\\Container\\BoundMethod::{closure:Illuminate\\Container\\BoundMethod::call():35}()
#24 C:\\Users\\Приятный\\Desktop\\project\\unik\\web\\PHP_BAZA\\laravel\\vendor\\laravel\\framework\\src\\Illuminate\\Container\\BoundMethod.php(96): Illuminate\\Container\\Util::unwrapIfClosure(Object(Closure))
#25 C:\\Users\\Приятный\\Desktop\\project\\unik\\web\\PHP_BAZA\\laravel\\vendor\\laravel\\framework\\src\\Illuminate\\Container\\BoundMethod.php(35): Illuminate\\Container\\BoundMethod::callBoundMethod(Object(Illuminate\\Foundation\\Application), Array, Object(Closure))
#26 C:\\Users\\Приятный\\Desktop\\project\\unik\\web\\PHP_BAZA\\laravel\\vendor\\laravel\\framework\\src\\Illuminate\\Container\\Container.php(799): Illuminate\\Container\\BoundMethod::call(Object(Illuminate\\Foundation\\Application), Array, Array, NULL)
#27 C:\\Users\\Приятный\\Desktop\\project\\unik\\web\\PHP_BAZA\\laravel\\vendor\\laravel\\framework\\src\\Illuminate\\Console\\Command.php(211): Illuminate\\Container\\Container->call(Array)
#28 C:\\Users\\Приятный\\Desktop\\project\\unik\\web\\PHP_BAZA\\laravel\\vendor\\symfony\\console\\Command\\Command.php(341): Illuminate\\Console\\Command->execute(Object(Symfony\\Component\\Console\\Input\\ArgvInput), Object(Illuminate\\Console\\OutputStyle))
#29 C:\\Users\\Приятный\\Desktop\\project\\unik\\web\\PHP_BAZA\\laravel\\vendor\\laravel\\framework\\src\\Illuminate\\Console\\Command.php(180): Symfony\\Component\\Console\\Command\\Command->run(Object(Symfony\\Component\\Console\\Input\\ArgvInput), Object(Illuminate\\Console\\OutputStyle))
#30 C:\\Users\\Приятный\\Desktop\\project\\unik\\web\\PHP_BAZA\\laravel\\vendor\\symfony\\console\\Application.php(1102): Illuminate\\Console\\Command->run(Object(Symfony\\Component\\Console\\Input\\ArgvInput), Object(Symfony\\Component\\Console\\Output\\ConsoleOutput))
#31 C:\\Users\\Приятный\\Desktop\\project\\unik\\web\\PHP_BAZA\\laravel\\vendor\\symfony\\console\\Application.php(356): Symfony\\Component\\Console\\Application->doRunCommand(Object(Illuminate\\Database\\Console\\Migrations\\MigrateCommand), Object(Symfony\\Component\\Console\\Input\\ArgvInput), Object(Symfony\\Component\\Console\\Output\\ConsoleOutput))
#32 C:\\Users\\Приятный\\Desktop\\project\\unik\\web\\PHP_BAZA\\laravel\\vendor\\symfony\\console\\Application.php(195): Symfony\\Component\\Console\\Application->doRun(Object(Symfony\\Component\\Console\\Input\\ArgvInput), Object(Symfony\\Component\\Console\\Output\\ConsoleOutput))
#33 C:\\Users\\Приятный\\Desktop\\project\\unik\\web\\PHP_BAZA\\laravel\\vendor\\laravel\\framework\\src\\Illuminate\\Foundation\\Console\\Kernel.php(198): Symfony\\Component\\Console\\Application->run(Object(Symfony\\Component\\Console\\Input\\ArgvInput), Object(Symfony\\Component\\Console\\Output\\ConsoleOutput))
#34 C:\\Users\\Приятный\\Desktop\\project\\unik\\web\\PHP_BAZA\\laravel\\vendor\\laravel\\framework\\src\\Illuminate\\Foundation\\Application.php(1235): Illuminate\\Foundation\\Console\\Kernel->handle(Object(Symfony\\Component\\Console\\Input\\ArgvInput), Object(Symfony\\Component\\Console\\Output\\ConsoleOutput))
#35 C:\\Users\\Приятный\\Desktop\\project\\unik\\web\\PHP_BAZA\\laravel\\artisan(16): Illuminate\\Foundation\\Application->handleCommand(Object(Symfony\\Component\\Console\\Input\\ArgvInput))
#36 {main}
"} 
[2025-12-21 05:05:47] laravel.EMERGENCY: Unable to create configured logger. Using emergency logger. {"exception":"[object] (InvalidArgumentException(code: 0): Invalid log level. at C:\\Users\\Приятный\\Desktop\\project\\unik\\web\\PHP_BAZA\\laravel\\vendor\\laravel\\framework\\src\\Illuminate\\Log\\ParsesLogConfiguration.php:49)
[stacktrace]
#0 C:\\Users\\Приятный\\Desktop\\project\\unik\\web\\PHP_BAZA\\laravel\\vendor\\laravel\\framework\\src\\Illuminate\\Log\\LogManager.php(308): Illuminate\\Log\\LogManager->level(Array)
#1 C:\\Users\\Приятный\\Desktop\\project\\unik\\web\\PHP_BAZA\\laravel\\vendor\\laravel\\framework\\src\\Illuminate\\Log\\LogManager.php(232): Illuminate\\Log\\LogManager->createSingleDriver(Array)
#2 C:\\Users\\Приятный\\Desktop\\project\\unik\\web\\PHP_BAZA\\laravel\\vendor\\laravel\\framework\\src\\Illuminate\\Log\\LogManager.php(138): Illuminate\\Log\\LogManager->resolve('single', Array)
#3 C:\\Users\\Приятный\\Desktop\\project\\unik\\web\\PHP_BAZA\\laravel\\vendor\\laravel\\framework\\src\\Illuminate\\Log\\LogManager.php(125): Illuminate\\Log\\LogManager->get('single')
#4 C:\\Users\\Приятный\\Desktop\\project\\unik\\web\\PHP_BAZA\\laravel\\vendor\\laravel\\framework\\src\\Illuminate\\Log\\LogManager.php(703): Illuminate\\Log\\LogManager->driver()
#5 C:\\Users\\Приятный\\Desktop\\project\\unik\\web\\PHP_BAZA\\laravel\\vendor\\laravel\\framework\\src\\Illuminate\\Foundation\\Exceptions\\Handler.php(402): Illuminate\\Log\\LogManager->error('No application ...', Array)
#6 C:\\Users\\Приятный\\Desktop\\project\\unik\\web\\PHP_BAZA\\laravel\\vendor\\laravel\\framework\\src\\Illuminate\\Foundation\\Exceptions\\Handler.php(365): Illuminate\\Foundation\\Exceptions\\Handler->reportThrowable(Object(Illuminate\\Encryption\\MissingAppKeyException))
#7 C:\\Users\\Приятный\\Desktop\\project\\unik\\web\\PHP_BAZA\\laravel\\vendor\\laravel\\framework\\src\\Illuminate\\Routing\\Pipeline.php(49): Illuminate\\Foundation\\Exceptions\\Handler->report(Object(Illuminate\\Encryption\\MissingAppKeyException))
#8 C:\\Users\\Приятный\\Desktop\\project\\unik\\web\\PHP_BAZA\\laravel\\vendor\\laravel\\framework\\src\\Illuminate\\Pipeline\\Pipeline.php(224): Illuminate\\Routing\\Pipeline->handleException(Object(Illuminate\\Http\\Request), Object(Illuminate\\Encryption\\MissingAppKeyException))
#9 C:\\Users\\Приятный\\Desktop\\project\\unik\\web\\PHP_BAZA\\laravel\\vendor\\laravel\\framework\\src\\Illuminate\\Pipeline\\Pipeline.php(137): Illuminate\\Pipeline\\Pipeline->{closure:{closure:Illuminate\\Pipeline\\Pipeline::carry():194}:195}(Object(Illuminate\\Http\\Request))
#10 C:\\Users\\Приятный\\Desktop\\project\\unik\\web\\PHP_BAZA\\laravel\\vendor\\laravel\\framework\\src\\Illuminate\\Routing\\Router.php(821): Illuminate\\Pipeline\\Pipeline->then(Object(Closure))
#11 C:\\Users\\Приятный\\Desktop\\project\\unik\\web\\PHP_BAZA\\laravel\\vendor\\laravel\\framework\\src\\Illuminate\\Routing\\Router.php(800): Illuminate\\Routing\\Router->runRouteWithinStack(Object(Illuminate\\Routing\\Route), Object(Illuminate\\Http\\Request))
#12 C:\\Users\\Приятный\\Desktop\\project\\unik\\web\\PHP_BAZA\\laravel\\vendor\\laravel\\framework\\src\\Illuminate\\Routing\\Router.php(764): Illuminate\\Routing\\Router->runRoute(Object(Illuminate\\Http\\Request), Object(Illuminate\\Routing\\Route))
#13 C:\\Users\\Приятный\\Desktop\\project\\unik\\web\\PHP_BAZA\\laravel\\vendor\\laravel\\framework\\src\\Illuminate\\Routing\\Router.php(753): Illuminate\\Routing\\Router->dispatchToRoute(Object(Illuminate\\Http\\Request))
#14 C:\\Users\\Приятный\\Desktop\\project\\unik\\web\\PHP_BAZA\\laravel\\vendor\\laravel\\framework\\src\\Illuminate\\Foundation\\Http\\Kernel.php(200): Illuminate\\Routing\\Router->dispatch(Object(Illuminate\\Http\\Request))
#15 C:\\Users\\Приятный\\Desktop\\project\\unik\\web\\PHP_BAZA\\laravel\\vendor\\laravel\\framework\\src\\Illuminate\\Pipeline\\Pipeline.php(180): Illuminate\\Foundation\\Http\\Kernel->{closure:Illuminate\\Foundation\\Http\\Kernel::dispatchToRouter():197}(Object(Illuminate\\Http\\Request))
#16 C:\\Users\\Приятный\\Desktop\\project\\unik\\web\\PHP_BAZA\\laravel\\vendor\\laravel\\framework\\src\\Illuminate\\Foundation\\Http\\Middleware\\TransformsRequest.php(21): Illuminate\\Pipeline\\Pipeline->{closure:Illuminate\\Pipeline\\Pipeline::prepareDestination():178}(Object(Illuminate\\Http\\Request))
#17 C:\\Users\\Приятный\\Desktop\\project\\unik\\web\\PHP_BAZA\\laravel\\vendor\\laravel\\framework\\src\\Illuminate\\Foundation\\Http\\Middleware\\ConvertEmptyStringsToNull.php(31): Illuminate\\Foundation\\Http\\Middleware\\TransformsRequest->handle(Object(Illuminate\\Http\\Request), Object(Closure))
#18 C:\\Users\\Приятный\\Desktop\\project\\unik\\web\\PHP_BAZA\\laravel\\vendor\\laravel\\framework\\src\\Illuminate\\Pipeline\\Pipeline.php(219): Illuminate\\Foundation\\Http\\Middleware\\ConvertEmptyStringsToNull->handle(Object(Illuminate\\Http\\Request), Object(Closure))
#19 C:\\Users\\Приятный\\Desktop\\project\\unik\\web\\PHP_BAZA\\laravel\\vendor\\laravel\\framework\\src\\Illuminate\\Foundation\\Http\\Middleware\\TransformsRequest.php(21): Illuminate\\Pipeline\\Pipeline->{closure:{closure:Illuminate\\Pipeline\\Pipeline::carry():194}:195}(Object(Illuminate\\Http\\Request))
#20 C:\\Users\\Приятный\\Desktop\\project\\unik\\web\\PHP_BAZA\\laravel\\vendor\\laravel\\framework\\src\\Illuminate\\Foundation\\Http\\Middleware\\TrimStrings.php(51): Illuminate\\Foundation\\Http\\Middleware\\TransformsRequest->handle(Object(Illuminate\\Http\\Request), Object(Closure))
#21 C:\\Users\\Приятный\\Desktop\\project\\unik\\web\\PHP_BAZA\\laravel\\vendor\\laravel\\framework\\src\\Illuminate\\Pipeline\\Pipeline.php(219): Illuminate\\Foundation\\Http\\Middleware\\TrimStrings->handle(Object(Illuminate\\Http\\Request), Object(Closure))
#22 C:\\Users\\Приятный\\Desktop\\project\\unik\\web\\PHP_BAZA\\laravel\\vendor\\laravel\\framework\\src\\Illuminate\\Http\\Middleware\\ValidatePostSize.php(27): Illuminate\\Pipeline\\Pipeline->{closure:{closure:Illuminate\\Pipeline\\Pipeline::carry():194}:195}(Object(Illuminate\\Http\\Request))
#23 C:\\Users\\Приятный\\Desktop\\project\\unik\\web\\PHP_BAZA\\laravel\\vendor\\laravel\\framework\\src\\Illuminate\\Pipeline\\Pipeline.php(219): Illuminate\\Http\\Middleware\\ValidatePostSize->handle(Object(Illuminate\\Http\\Request), Object(Closure))
#24 C:\\Users\\Приятный\\Desktop\\project\\unik\\web\\PHP_BAZA\\laravel\\vendor\\laravel\\framework\\src\\Illuminate\\Foundation\\Http\\Middleware\\PreventRequestsDuringMaintenance.php(109): Illuminate\\Pipeline\\Pipeline->{closure:{closure:Illuminate\\Pipeline\\Pipeline::carry():194}:195}(Object(Illuminate\\Http\\Request))
#25 C:\\Users\\Приятный\\Desktop\\project\\unik\\web\\PHP_BAZA\\laravel\\vendor\\laravel\\framework\\src\\Illuminate\\Pipeline\\Pipeline.php(219): Illuminate\\Foundation\\Http\\Middleware\\PreventRequestsDuringMaintenance->handle(Object(Illuminate\\Http\\Request), Object(Closure))
#26 C:\\Users\\Приятный\\Desktop\\project\\unik\\web\\PHP_BAZA\\laravel\\vendor\\laravel\\framework\\src\\Illuminate\\Http\\Middleware\\HandleCors.php(48): Illuminate\\Pipeline\\Pipeline->{closure:{closure:Illuminate\\Pipeline\\Pipeline::carry():194}:195}(Object(Illuminate\\Http\\Request))
#27 C:\\Users\\Приятный\\Desktop\\project\\unik\\web\\PHP_BAZA\\laravel\\vendor\\laravel\\framework\\src\\Illuminate\\Pipeline\\Pipeline.php(219): Illuminate\\Http\\Middleware\\HandleCors->handle(Object(Illuminate\\Http\\Request), Object(Closure))
#28 C:\\Users\\Приятный\\Desktop\\project\\unik\\web\\PHP_BAZA\\laravel\\vendor\\laravel\\framework\\src\\Illuminate\\Http\\Middleware\\TrustProxies.php(58): Illuminate\\Pipeline\\Pipeline->{closure:{closure:Illuminate\\Pipeline\\Pipeline::carry():194}:195}(Object(Illuminate\\Http\\Request))
#29 C:\\Users\\Приятный\\Desktop\\project\\unik\\web\\PHP_BAZA\\laravel\\vendor\\laravel\\framework\\src\\Illuminate\\Pipeline\\Pipeline.php(219): Illuminate\\Http\\Middleware\\TrustProxies->handle(Object(Illuminate\\Http\\Request), Object(Closure))
#30 C:\\Users\\Приятный\\Desktop\\project\\unik\\web\\PHP_BAZA\\laravel\\vendor\\laravel\\framework\\src\\Illuminate\\Foundation\\Http\\Middleware\\InvokeDeferredCallbacks.php(22): Illuminate\\Pipeline\\Pipeline->{closure:{closure:Illuminate\\Pipeline\\Pipeline::carry():194}:195}(Object(Illuminate\\Http\\Request))
#31 C:\\Users\\Приятный\\Desktop\\project\\unik\\web\\PHP_BAZA\\laravel\\vendor\\laravel\\framework\\src\\Illuminate\\Pipeline\\Pipeline.php(219): Illuminate\\Foundation\\Http\\Middleware\\InvokeDeferredCallbacks->handle(Object(Illuminate\\Http\\Request), Object(Closure))
#32 C:\\Users\\Приятный\\Desktop\\project\\unik\\web\\PHP_BAZA\\laravel\\vendor\\laravel\\framework\\src\\Illuminate\\Http\\Middleware\\ValidatePathEncoding.php(26): Illuminate\\Pipeline\\Pipeline->{closure:{closure:Illuminate\\Pipeline\\Pipeline::carry():194}:195}(Object(Illuminate\\Http\\Request))
#33 C:\\Users\\Приятный\\Desktop\\project\\unik\\web\\PHP_BAZA\\laravel\\vendor\\laravel\\framework\\src\\Illuminate\\Pipeline\\Pipeline.php(219): Illuminate\\Http\\Middleware\\ValidatePathEncoding->handle(Object(Illuminate\\Http\\Request), Object(Closure))
#34 C:\\Users\\Приятный\\Desktop\\project\\unik\\web\\PHP_BAZA\\laravel\\vendor\\laravel\\framework\\src\\Illuminate\\Pipeline\\Pipeline.php(137): Illuminate\\Pipeline\\Pipeline->{closure:{closure:Illuminate\\Pipeline\\Pipeline::carry():194}:195}(Object(Illuminate\\Http\\Request))
#35 C:\\Users\\Приятный\\Desktop\\project\\unik\\web\\PHP_BAZA\\laravel\\vendor\\laravel\\framework\\src\\Illuminate\\Foundation\\Http\\Kernel.php(175): Illuminate\\Pipeline\\Pipeline->then(Object(Closure))
#36 C:\\Users\\Приятный\\Desktop\\project\\unik\\web\\PHP_BAZA\\laravel\\vendor\\laravel\\framework\\src\\Illuminate\\Foundation\\Http\\Kernel.php(144): Illuminate\\Foundation\\Http\\Kernel->sendRequestThroughRouter(Object(Illuminate\\Http\\Request))
#37 C:\\Users\\Приятный\\Desktop\\project\\unik\\web\\PHP_BAZA\\laravel\\vendor\\laravel\\framework\\src\\Illuminate\\Foundation\\Application.php(1220): Illuminate\\Foundation\\Http\\Kernel->handle(Object(Illuminate\\Http\\Request))
#38 C:\\Users\\Приятный\\Desktop\\project\\unik\\web\\PHP_BAZA\\laravel\\public\\index.php(17): Illuminate\\Foundation\\Application->handleRequest(Object(Illuminate\\Http\\Request))
#39 {main}
"} 
[2025-12-21 05:05:47] laravel.ERROR: No application encryption key has been specified. {"exception":"[object] (Illuminate\\Encryption\\MissingAppKeyException(code: 0): No application encryption key has been specified. at C:\\Users\\Приятный\\Desktop\\project\\unik\\web\\PHP_BAZA\\laravel\\vendor\\laravel\\framework\\src\\Illuminate\\Encryption\\EncryptionServiceProvider.php:83)
[stacktrace]
#0 C:\\Users\\Приятный\\Desktop\\project\\unik\\web\\PHP_BAZA\\laravel\\vendor\\laravel\\framework\\src\\Illuminate\\Support\\helpers.php(390): Illuminate\\Encryption\\EncryptionServiceProvider->{closure:Illuminate\\Encryption\\EncryptionServiceProvider::key():81}('')
#1 C:\\Users\\Приятный\\Desktop\\project\\unik\\web\\PHP_BAZA\\laravel\\vendor\\laravel\\framework\\src\\Illuminate\\Encryption\\EncryptionServiceProvider.php(81): tap('', Object(Closure))
#2 C:\\Users\\Приятный\\Desktop\\project\\unik\\web\\PHP_BAZA\\laravel\\vendor\\laravel\\framework\\src\\Illuminate\\Encryption\\EncryptionServiceProvider.php(64): Illuminate\\Encryption\\EncryptionServiceProvider->key(Array)
#3 C:\\Users\\Приятный\\Desktop\\project\\unik\\web\\PHP_BAZA\\laravel\\vendor\\laravel\\framework\\src\\Illuminate\\Encryption\\EncryptionServiceProvider.php(32): Illuminate\\Encryption\\EncryptionServiceProvider->parseKey(Array)
#4 C:\\Users\\Приятный\\Desktop\\project\\unik\\web\\PHP_BAZA\\laravel\\vendor\\laravel\\framework\\src\\Illuminate\\Container\\Container.php(1115): Illuminate\\Encryption\\EncryptionServiceProvider->{closure:Illuminate\\Encryption\\EncryptionServiceProvider::registerEncrypter():29}(Object(Illuminate\\Foundation\\Application), Array)
#5 C:\\Users\\Приятный\\Desktop\\project\\unik\\web\\PHP_BAZA\\laravel\\vendor\\laravel\\framework\\src\\Illuminate\\Container\\Container.php(933): Illuminate\\Container\\Container->build(Object(Closure))
#6 C:\\Users\\Приятный\\Desktop\\project\\unik\\web\\PHP_BAZA\\laravel\\vendor\\laravel\\framework\\src\\Illuminate\\Foundation\\Application.php(1078): Illuminate\\Container\\Container->resolve('encrypter', Array, true)
#7 C:\\Users\\Приятный\\Desktop\\project\\unik\\web\\PHP_BAZA\\laravel\\vendor\\laravel\\framework\\src\\Illuminate\\Container\\Container.php(864): Illuminate\\Foundation\\Application->resolve('encrypter', Array)
#8 C:\\Users\\Приятный\\Desktop\\project\\unik\\web\\PHP_BAZA\\laravel\\vendor\\laravel\\framework\\src\\Illuminate\\Foundation\\Application.php(1058): Illuminate\\Container\\Container->make('encrypter', Array)
#9 C:\\Users\\Приятный\\Desktop\\project\\unik\\web\\PHP_BAZA\\laravel\\vendor\\laravel\\framework\\src\\Illuminate\\Container\\Container.php(1338): Illuminate\\Foundation\\Application->make('encrypter')
#10 C:\\Users\\Приятный\\Desktop\\project\\unik\\web\\PHP_BAZA\\laravel\\vendor\\laravel\\framework\\src\\Illuminate\\Container\\Container.php(1239): Illuminate\\Container\\Container->resolveClass(Object(ReflectionParameter))
#11 C:\\Users\\Приятный\\Desktop\\project\\unik\\web\\PHP_BAZA\\laravel\\vendor\\laravel\\framework\\src\\Illuminate\\Container\\Container.php(1162): Illuminate\\Container\\Container->resolveDependencies(Array)
#12 C:\\Users\\Приятный\\Desktop\\project\\unik\\web\\PHP_BAZA\\laravel\\vendor\\laravel\\framework\\src\\Illuminate\\Container\\Container.php(933): Illuminate\\Container\\Container->build('Illuminate\\\\Cook...')
#13 C:\\Users\\Приятный\\Desktop\\project\\unik\\web\\PHP_BAZA\\laravel\\vendor\\laravel\\framework\\src\\Illuminate\\Foundation\\Application.php(1078): Illuminate\\Container\\Container->resolve('Illuminate\\\\Cook...', Array, true)
#14 C:\\Users\\Приятный\\Desktop\\project\\unik\\web\\PHP_BAZA\\laravel\\vendor\\laravel\\framework\\src\\Illuminate\\Container\\Container.php(864): Illuminate\\Foundation\\Application->resolve('Illuminate\\\\Cook...', Array)
#15 C:\\Users\\Приятный\\Desktop\\project\\unik\\web\\PHP_BAZA\\laravel\\vendor\\laravel\\framework\\src\\Illuminate\\Foundation\\Application.php(1058): Illuminate\\Container\\Container->make('Illuminate\\\\Cook...', Array)
#16 C:\\Users\\Приятный\\Desktop\\project\\unik\\web\\PHP_BAZA\\laravel\\vendor\\laravel\\framework\\src\\Illuminate\\Pipeline\\Pipeline.php(208): Illuminate\\Foundation\\Application->make('Illuminate\\\\Cook...')
#17 C:\\Users\\Приятный\\Desktop\\project\\unik\\web\\PHP_BAZA\\laravel\\vendor\\laravel\\framework\\src\\Illuminate\\Pipeline\\Pipeline.php(137): Illuminate\\Pipeline\\Pipeline->{closure:{closure:Illuminate\\Pipeline\\Pipeline::carry():194}:195}(Object(Illuminate\\Http\\Request))
#18 C:\\Users\\Приятный\\Desktop\\project\\unik\\web\\PHP_BAZA\\laravel\\vendor\\laravel\\framework\\src\\Illuminate\\Routing\\Router.php(821): Illuminate\\Pipeline\\Pipeline->then(Object(Closure))
#19 C:\\Users\\Приятный\\Desktop\\project\\unik\\web\\PHP_BAZA\\laravel\\vendor\\laravel\\framework\\src\\Illuminate\\Routing\\Router.php(800): Illuminate\\Routing\\Router->runRouteWithinStack(Object(Illuminate\\Routing\\Route), Object(Illuminate\\Http\\Request))
#20 C:\\Users\\Приятный\\Desktop\\project\\unik\\web\\PHP_BAZA\\laravel\\vendor\\laravel\\framework\\src\\Illuminate\\Routing\\Router.php(764): Illuminate\\Routing\\Router->runRoute(Object(Illuminate\\Http\\Request), Object(Illuminate\\Routing\\Route))
#21 C:\\Users\\Приятный\\Desktop\\project\\unik\\web\\PHP_BAZA\\laravel\\vendor\\laravel\\framework\\src\\Illuminate\\Routing\\Router.php(753): Illuminate\\Routing\\Router->dispatchToRoute(Object(Illuminate\\Http\\Request))
#22 C:\\Users\\Приятный\\Desktop\\project\\unik\\web\\PHP_BAZA\\laravel\\vendor\\laravel\\framework\\src\\Illuminate\\Foundation\\Http\\Kernel.php(200): Illuminate\\Routing\\Router->dispatch(Object(Illuminate\\Http\\Request))
#23 C:\\Users\\Приятный\\Desktop\\project\\unik\\web\\PHP_BAZA\\laravel\\vendor\\laravel\\framework\\src\\Illuminate\\Pipeline\\Pipeline.php(180): Illuminate\\Foundation\\Http\\Kernel->{closure:Illuminate\\Foundation\\Http\\Kernel::dispatchToRouter():197}(Object(Illuminate\\Http\\Request))
#24 C:\\Users\\Приятный\\Desktop\\project\\unik\\web\\PHP_BAZA\\laravel\\vendor\\laravel\\framework\\src\\Illuminate\\Foundation\\Http\\Middleware\\TransformsRequest.php(21): Illuminate\\Pipeline\\Pipeline->{closure:Illuminate\\Pipeline\\Pipeline::prepareDestination():178}(Object(Illuminate\\Http\\Request))
#25 C:\\Users\\Приятный\\Desktop\\project\\unik\\web\\PHP_BAZA\\laravel\\vendor\\laravel\\framework\\src\\Illuminate\\Foundation\\Http\\Middleware\\ConvertEmptyStringsToNull.php(31): Illuminate\\Foundation\\Http\\Middleware\\TransformsRequest->handle(Object(Illuminate\\Http\\Request), Object(Closure))
#26 C:\\Users\\Приятный\\Desktop\\project\\unik\\web\\PHP_BAZA\\laravel\\vendor\\laravel\\framework\\src\\Illuminate\\Pipeline\\Pipeline.php(219): Illuminate\\Foundation\\Http\\Middleware\\ConvertEmptyStringsToNull->handle(Object(Illuminate\\Http\\Request), Object(Closure))
#27 C:\\Users\\Приятный\\Desktop\\project\\unik\\web\\PHP_BAZA\\laravel\\vendor\\laravel\\framework\\src\\Illuminate\\Foundation\\Http\\Middleware\\TransformsRequest.php(21): Illuminate\\Pipeline\\Pipeline->{closure:{closure:Illuminate\\Pipeline\\Pipeline::carry():194}:195}(Object(Illuminate\\Http\\Request))
#28 C:\\Users\\Приятный\\Desktop\\project\\unik\\web\\PHP_BAZA\\laravel\\vendor\\laravel\\framework\\src\\Illuminate\\Foundation\\Http\\Middleware\\TrimStrings.php(51): Illuminate\\Foundation\\Http\\Middleware\\TransformsRequest->handle(Object(Illuminate\\Http\\Request), Object(Closure))
#29 C:\\Users\\Приятный\\Desktop\\project\\unik\\web\\PHP_BAZA\\laravel\\vendor\\laravel\\framework\\src\\Illuminate\\Pipeline\\Pipeline.php(219): Illuminate\\Foundation\\Http\\Middleware\\TrimStrings->handle(Object(Illuminate\\Http\\Request), Object(Closure))
#30 C:\\Users\\Приятный\\Desktop\\project\\unik\\web\\PHP_BAZA\\laravel\\vendor\\laravel\\framework\\src\\Illuminate\\Http\\Middleware\\ValidatePostSize.php(27): Illuminate\\Pipeline\\Pipeline->{closure:{closure:Illuminate\\Pipeline\\Pipeline::carry():194}:195}(Object(Illuminate\\Http\\Request))
#31 C:\\Users\\Приятный\\Desktop\\project\\unik\\web\\PHP_BAZA\\laravel\\vendor\\laravel\\framework\\src\\Illuminate\\Pipeline\\Pipeline.php(219): Illuminate\\Http\\Middleware\\ValidatePostSize->handle(Object(Illuminate\\Http\\Request), Object(Closure))
#32 C:\\Users\\Приятный\\Desktop\\project\\unik\\web\\PHP_BAZA\\laravel\\vendor\\laravel\\framework\\src\\Illuminate\\Foundation\\Http\\Middleware\\PreventRequestsDuringMaintenance.php(109): Illuminate\\Pipeline\\Pipeline->{closure:{closure:Illuminate\\Pipeline\\Pipeline::carry():194}:195}(Object(Illuminate\\Http\\Request))
#33 C:\\Users\\Приятный\\Desktop\\project\\unik\\web\\PHP_BAZA\\laravel\\vendor\\laravel\\framework\\src\\Illuminate\\Pipeline\\Pipeline.php(219): Illuminate\\Foundation\\Http\\Middleware\\PreventRequestsDuringMaintenance->handle(Object(Illuminate\\Http\\Request), Object(Closure))
#34 C:\\Users\\Приятный\\Desktop\\project\\unik\\web\\PHP_BAZA\\laravel\\vendor\\laravel\\framework\\src\\Illuminate\\Http\\Middleware\\HandleCors.php(48): Illuminate\\Pipeline\\Pipeline->{closure:{closure:Illuminate\\Pipeline\\Pipeline::carry():194}:195}(Object(Illuminate\\Http\\Request))
#35 C:\\Users\\Приятный\\Desktop\\project\\unik\\web\\PHP_BAZA\\laravel\\vendor\\laravel\\framework\\src\\Illuminate\\Pipeline\\Pipeline.php(219): Illuminate\\Http\\Middleware\\HandleCors->handle(Object(Illuminate\\Http\\Request), Object(Closure))
#36 C:\\Users\\Приятный\\Desktop\\project\\unik\\web\\PHP_BAZA\\laravel\\vendor\\laravel\\framework\\src\\Illuminate\\Http\\Middleware\\TrustProxies.php(58): Illuminate\\Pipeline\\Pipeline->{closure:{closure:Illuminate\\Pipeline\\Pipeline::carry():194}:195}(Object(Illuminate\\Http\\Request))
#37 C:\\Users\\Приятный\\Desktop\\project\\unik\\web\\PHP_BAZA\\laravel\\vendor\\laravel\\framework\\src\\Illuminate\\Pipeline\\Pipeline.php(219): Illuminate\\Http\\Middleware\\TrustProxies->handle(Object(Illuminate\\Http\\Request), Object(Closure))
#38 C:\\Users\\Приятный\\Desktop\\project\\unik\\web\\PHP_BAZA\\laravel\\vendor\\laravel\\framework\\src\\Illuminate\\Foundation\\Http\\Middleware\\InvokeDeferredCallbacks.php(22): Illuminate\\Pipeline\\Pipeline->{closure:{closure:Illuminate\\Pipeline\\Pipeline::carry():194}:195}(Object(Illuminate\\Http\\Request))
#39 C:\\Users\\Приятный\\Desktop\\project\\unik\\web\\PHP_BAZA\\laravel\\vendor\\laravel\\framework\\src\\Illuminate\\Pipeline\\Pipeline.php(219): Illuminate\\Foundation\\Http\\Middleware\\InvokeDeferredCallbacks->handle(Object(Illuminate\\Http\\Request), Object(Closure))
#40 C:\\Users\\Приятный\\Desktop\\project\\unik\\web\\PHP_BAZA\\laravel\\vendor\\laravel\\framework\\src\\Illuminate\\Http\\Middleware\\ValidatePathEncoding.php(26): Illuminate\\Pipeline\\Pipeline->{closure:{closure:Illuminate\\Pipeline\\Pipeline::carry():194}:195}(Object(Illuminate\\Http\\Request))
#41 C:\\Users\\Приятный\\Desktop\\project\\unik\\web\\PHP_BAZA\\laravel\\vendor\\laravel\\framework\\src\\Illuminate\\Pipeline\\Pipeline.php(219): Illuminate\\Http\\Middleware\\ValidatePathEncoding->handle(Object(Illuminate\\Http\\Request), Object(Closure))
#42 C:\\Users\\Приятный\\Desktop\\project\\unik\\web\\PHP_BAZA\\laravel\\vendor\\laravel\\framework\\src\\Illuminate\\Pipeline\\Pipeline.php(137): Illuminate\\Pipeline\\Pipeline->{closure:{closure:Illuminate\\Pipeline\\Pipeline::carry():194}:195}(Object(Illuminate\\Http\\Request))
#43 C:\\Users\\Приятный\\Desktop\\project\\unik\\web\\PHP_BAZA\\laravel\\vendor\\laravel\\framework\\src\\Illuminate\\Foundation\\Http\\Kernel.php(175): Illuminate\\Pipeline\\Pipeline->then(Object(Closure))
#44 C:\\Users\\Приятный\\Desktop\\project\\unik\\web\\PHP_BAZA\\laravel\\vendor\\laravel\\framework\\src\\Illuminate\\Foundation\\Http\\Kernel.php(144): Illuminate\\Foundation\\Http\\Kernel->sendRequestThroughRouter(Object(Illuminate\\Http\\Request))
#45 C:\\Users\\Приятный\\Desktop\\project\\unik\\web\\PHP_BAZA\\laravel\\vendor\\laravel\\framework\\src\\Illuminate\\Foundation\\Application.php(1220): Illuminate\\Foundation\\Http\\Kernel->handle(Object(Illuminate\\Http\\Request))
#46 C:\\Users\\Приятный\\Desktop\\project\\unik\\web\\PHP_BAZA\\laravel\\public\\index.php(17): Illuminate\\Foundation\\Application->handleRequest(Object(Illuminate\\Http\\Request))
#47 {main}
"} 
[2025-12-21 05:05:48] laravel.EMERGENCY: Unable to create configured logger. Using emergency logger. {"exception":"[object] (InvalidArgumentException(code: 0): Invalid log level. at C:\\Users\\Приятный\\Desktop\\project\\unik\\web\\PHP_BAZA\\laravel\\vendor\\laravel\\framework\\src\\Illuminate\\Log\\ParsesLogConfiguration.php:49)
[stacktrace]
#0 C:\\Users\\Приятный\\Desktop\\project\\unik\\web\\PHP_BAZA\\laravel\\vendor\\laravel\\framework\\src\\Illuminate\\Log\\LogManager.php(308): Illuminate\\Log\\LogManager->level(Array)
#1 C:\\Users\\Приятный\\Desktop\\project\\unik\\web\\PHP_BAZA\\laravel\\vendor\\laravel\\framework\\src\\Illuminate\\Log\\LogManager.php(232): Illuminate\\Log\\LogManager->createSingleDriver(Array)
#2 C:\\Users\\Приятный\\Desktop\\project\\unik\\web\\PHP_BAZA\\laravel\\vendor\\laravel\\framework\\src\\Illuminate\\Log\\LogManager.php(138): Illuminate\\Log\\LogManager->resolve('single', Array)
#3 C:\\Users\\Приятный\\Desktop\\project\\unik\\web\\PHP_BAZA\\laravel\\vendor\\laravel\\framework\\src\\Illuminate\\Log\\LogManager.php(125): Illuminate\\Log\\LogManager->get('single')
#4 C:\\Users\\Приятный\\Desktop\\project\\unik\\web\\PHP_BAZA\\laravel\\vendor\\laravel\\framework\\src\\Illuminate\\Log\\LogManager.php(703): Illuminate\\Log\\LogManager->driver()
#5 C:\\Users\\Приятный\\Desktop\\project\\unik\\web\\PHP_BAZA\\laravel\\vendor\\laravel\\framework\\src\\Illuminate\\Foundation\\Exceptions\\Handler.php(402): Illuminate\\Log\\LogManager->error('No application ...', Array)
#6 C:\\Users\\Приятный\\Desktop\\project\\unik\\web\\PHP_BAZA\\laravel\\vendor\\laravel\\framework\\src\\Illuminate\\Foundation\\Exceptions\\Handler.php(365): Illuminate\\Foundation\\Exceptions\\Handler->reportThrowable(Object(Illuminate\\Encryption\\MissingAppKeyException))
#7 C:\\Users\\Приятный\\Desktop\\project\\unik\\web\\PHP_BAZA\\laravel\\vendor\\laravel\\framework\\src\\Illuminate\\Routing\\Pipeline.php(49): Illuminate\\Foundation\\Exceptions\\Handler->report(Object(Illuminate\\Encryption\\MissingAppKeyException))
#8 C:\\Users\\Приятный\\Desktop\\project\\unik\\web\\PHP_BAZA\\laravel\\vendor\\laravel\\framework\\src\\Illuminate\\Pipeline\\Pipeline.php(224): Illuminate\\Routing\\Pipeline->handleException(Object(Illuminate\\Http\\Request), Object(Illuminate\\Encryption\\MissingAppKeyException))
#9 C:\\Users\\Приятный\\Desktop\\project\\unik\\web\\PHP_BAZA\\laravel\\vendor\\laravel\\framework\\src\\Illuminate\\Pipeline\\Pipeline.php(137): Illuminate\\Pipeline\\Pipeline->{closure:{closure:Illuminate\\Pipeline\\Pipeline::carry():194}:195}(Object(Illuminate\\Http\\Request))
#10 C:\\Users\\Приятный\\Desktop\\project\\unik\\web\\PHP_BAZA\\laravel\\vendor\\laravel\\framework\\src\\Illuminate\\Routing\\Router.php(821): Illuminate\\Pipeline\\Pipeline->then(Object(Closure))
#11 C:\\Users\\Приятный\\Desktop\\project\\unik\\web\\PHP_BAZA\\laravel\\vendor\\laravel\\framework\\src\\Illuminate\\Routing\\Router.php(800): Illuminate\\Routing\\Router->runRouteWithinStack(Object(Illuminate\\Routing\\Route), Object(Illuminate\\Http\\Request))
#12 C:\\Users\\Приятный\\Desktop\\project\\unik\\web\\PHP_BAZA\\laravel\\vendor\\laravel\\framework\\src\\Illuminate\\Routing\\Router.php(764): Illuminate\\Routing\\Router->runRoute(Object(Illuminate\\Http\\Request), Object(Illuminate\\Routing\\Route))
#13 C:\\Users\\Приятный\\Desktop\\project\\unik\\web\\PHP_BAZA\\laravel\\vendor\\laravel\\framework\\src\\Illuminate\\Routing\\Router.php(753): Illuminate\\Routing\\Router->dispatchToRoute(Object(Illuminate\\Http\\Request))
#14 C:\\Users\\Приятный\\Desktop\\project\\unik\\web\\PHP_BAZA\\laravel\\vendor\\laravel\\framework\\src\\Illuminate\\Foundation\\Http\\Kernel.php(200): Illuminate\\Routing\\Router->dispatch(Object(Illuminate\\Http\\Request))
#15 C:\\Users\\Приятный\\Desktop\\project\\unik\\web\\PHP_BAZA\\laravel\\vendor\\laravel\\framework\\src\\Illuminate\\Pipeline\\Pipeline.php(180): Illuminate\\Foundation\\Http\\Kernel->{closure:Illuminate\\Foundation\\Http\\Kernel::dispatchToRouter():197}(Object(Illuminate\\Http\\Request))
#16 C:\\Users\\Приятный\\Desktop\\project\\unik\\web\\PHP_BAZA\\laravel\\vendor\\laravel\\framework\\src\\Illuminate\\Foundation\\Http\\Middleware\\TransformsRequest.php(21): Illuminate\\Pipeline\\Pipeline->{closure:Illuminate\\Pipeline\\Pipeline::prepareDestination():178}(Object(Illuminate\\Http\\Request))
#17 C:\\Users\\Приятный\\Desktop\\project\\unik\\web\\PHP_BAZA\\laravel\\vendor\\laravel\\framework\\src\\Illuminate\\Foundation\\Http\\Middleware\\ConvertEmptyStringsToNull.php(31): Illuminate\\Foundation\\Http\\Middleware\\TransformsRequest->handle(Object(Illuminate\\Http\\Request), Object(Closure))
#18 C:\\Users\\Приятный\\Desktop\\project\\unik\\web\\PHP_BAZA\\laravel\\vendor\\laravel\\framework\\src\\Illuminate\\Pipeline\\Pipeline.php(219): Illuminate\\Foundation\\Http\\Middleware\\ConvertEmptyStringsToNull->handle(Object(Illuminate\\Http\\Request), Object(Closure))
#19 C:\\Users\\Приятный\\Desktop\\project\\unik\\web\\PHP_BAZA\\laravel\\vendor\\laravel\\framework\\src\\Illuminate\\Foundation\\Http\\Middleware\\TransformsRequest.php(21): Illuminate\\Pipeline\\Pipeline->{closure:{closure:Illuminate\\Pipeline\\Pipeline::carry():194}:195}(Object(Illuminate\\Http\\Request))
#20 C:\\Users\\Приятный\\Desktop\\project\\unik\\web\\PHP_BAZA\\laravel\\vendor\\laravel\\framework\\src\\Illuminate\\Foundation\\Http\\Middleware\\TrimStrings.php(51): Illuminate\\Foundation\\Http\\Middleware\\TransformsRequest->handle(Object(Illuminate\\Http\\Request), Object(Closure))
#21 C:\\Users\\Приятный\\Desktop\\project\\unik\\web\\PHP_BAZA\\laravel\\vendor\\laravel\\framework\\src\\Illuminate\\Pipeline\\Pipeline.php(219): Illuminate\\Foundation\\Http\\Middleware\\TrimStrings->handle(Object(Illuminate\\Http\\Request), Object(Closure))
#22 C:\\Users\\Приятный\\Desktop\\project\\unik\\web\\PHP_BAZA\\laravel\\vendor\\laravel\\framework\\src\\Illuminate\\Http\\Middleware\\ValidatePostSize.php(27): Illuminate\\Pipeline\\Pipeline->{closure:{closure:Illuminate\\Pipeline\\Pipeline::carry():194}:195}(Object(Illuminate\\Http\\Request))
#23 C:\\Users\\Приятный\\Desktop\\project\\unik\\web\\PHP_BAZA\\laravel\\vendor\\laravel\\framework\\src\\Illuminate\\Pipeline\\Pipeline.php(219): Illuminate\\Http\\Middleware\\ValidatePostSize->handle(Object(Illuminate\\Http\\Request), Object(Closure))
#24 C:\\Users\\Приятный\\Desktop\\project\\unik\\web\\PHP_BAZA\\laravel\\vendor\\laravel\\framework\\src\\Illuminate\\Foundation\\Http\\Middleware\\PreventRequestsDuringMaintenance.php(109): Illuminate\\Pipeline\\Pipeline->{closure:{closure:Illuminate\\Pipeline\\Pipeline::carry():194}:195}(Object(Illuminate\\Http\\Request))
#25 C:\\Users\\Приятный\\Desktop\\project\\unik\\web\\PHP_BAZA\\laravel\\vendor\\laravel\\framework\\src\\Illuminate\\Pipeline\\Pipeline.php(219): Illuminate\\Foundation\\Http\\Middleware\\PreventRequestsDuringMaintenance->handle(Object(Illuminate\\Http\\Request), Object(Closure))
#26 C:\\Users\\Приятный\\Desktop\\project\\unik\\web\\PHP_BAZA\\laravel\\vendor\\laravel\\framework\\src\\Illuminate\\Http\\Middleware\\HandleCors.php(48): Illuminate\\Pipeline\\Pipeline->{closure:{closure:Illuminate\\Pipeline\\Pipeline::carry():194}:195}(Object(Illuminate\\Http\\Request))
#27 C:\\Users\\Приятный\\Desktop\\project\\unik\\web\\PHP_BAZA\\laravel\\vendor\\laravel\\framework\\src\\Illuminate\\Pipeline\\Pipeline.php(219): Illuminate\\Http\\Middleware\\HandleCors->handle(Object(Illuminate\\Http\\Request), Object(Closure))
#28 C:\\Users\\Приятный\\Desktop\\project\\unik\\web\\PHP_BAZA\\laravel\\vendor\\laravel\\framework\\src\\Illuminate\\Http\\Middleware\\TrustProxies.php(58): Illuminate\\Pipeline\\Pipeline->{closure:{closure:Illuminate\\Pipeline\\Pipeline::carry():194}:195}(Object(Illuminate\\Http\\Request))
#29 C:\\Users\\Приятный\\Desktop\\project\\unik\\web\\PHP_BAZA\\laravel\\vendor\\laravel\\framework\\src\\Illuminate\\Pipeline\\Pipeline.php(219): Illuminate\\Http\\Middleware\\TrustProxies->handle(Object(Illuminate\\Http\\Request), Object(Closure))
#30 C:\\Users\\Приятный\\Desktop\\project\\unik\\web\\PHP_BAZA\\laravel\\vendor\\laravel\\framework\\src\\Illuminate\\Foundation\\Http\\Middleware\\InvokeDeferredCallbacks.php(22): Illuminate\\Pipeline\\Pipeline->{closure:{closure:Illuminate\\Pipeline\\Pipeline::carry():194}:195}(Object(Illuminate\\Http\\Request))
#31 C:\\Users\\Приятный\\Desktop\\project\\unik\\web\\PHP_BAZA\\laravel\\vendor\\laravel\\framework\\src\\Illuminate\\Pipeline\\Pipeline.php(219): Illuminate\\Foundation\\Http\\Middleware\\InvokeDeferredCallbacks->handle(Object(Illuminate\\Http\\Request), Object(Closure))
#32 C:\\Users\\Приятный\\Desktop\\project\\unik\\web\\PHP_BAZA\\laravel\\vendor\\laravel\\framework\\src\\Illuminate\\Http\\Middleware\\ValidatePathEncoding.php(26): Illuminate\\Pipeline\\Pipeline->{closure:{closure:Illuminate\\Pipeline\\Pipeline::carry():194}:195}(Object(Illuminate\\Http\\Request))
#33 C:\\Users\\Приятный\\Desktop\\project\\unik\\web\\PHP_BAZA\\laravel\\vendor\\laravel\\framework\\src\\Illuminate\\Pipeline\\Pipeline.php(219): Illuminate\\Http\\Middleware\\ValidatePathEncoding->handle(Object(Illuminate\\Http\\Request), Object(Closure))
#34 C:\\Users\\Приятный\\Desktop\\project\\unik\\web\\PHP_BAZA\\laravel\\vendor\\laravel\\framework\\src\\Illuminate\\Pipeline\\Pipeline.php(137): Illuminate\\Pipeline\\Pipeline->{closure:{closure:Illuminate\\Pipeline\\Pipeline::carry():194}:195}(Object(Illuminate\\Http\\Request))
#35 C:\\Users\\Приятный\\Desktop\\project\\unik\\web\\PHP_BAZA\\laravel\\vendor\\laravel\\framework\\src\\Illuminate\\Foundation\\Http\\Kernel.php(175): Illuminate\\Pipeline\\Pipeline->then(Object(Closure))
#36 C:\\Users\\Приятный\\Desktop\\project\\unik\\web\\PHP_BAZA\\laravel\\vendor\\laravel\\framework\\src\\Illuminate\\Foundation\\Http\\Kernel.php(144): Illuminate\\Foundation\\Http\\Kernel->sendRequestThroughRouter(Object(Illuminate\\Http\\Request))
#37 C:\\Users\\Приятный\\Desktop\\project\\unik\\web\\PHP_BAZA\\laravel\\vendor\\laravel\\framework\\src\\Illuminate\\Foundation\\Application.php(1220): Illuminate\\Foundation\\Http\\Kernel->handle(Object(Illuminate\\Http\\Request))
#38 C:\\Users\\Приятный\\Desktop\\project\\unik\\web\\PHP_BAZA\\laravel\\public\\index.php(17): Illuminate\\Foundation\\Application->handleRequest(Object(Illuminate\\Http\\Request))
#39 {main}
"} 
[2025-12-21 05:05:48] laravel.ERROR: No application encryption key has been specified. {"exception":"[object] (Illuminate\\Encryption\\MissingAppKeyException(code: 0): No application encryption key has been specified. at C:\\Users\\Приятный\\Desktop\\project\\unik\\web\\PHP_BAZA\\laravel\\vendor\\laravel\\framework\\src\\Illuminate\\Encryption\\EncryptionServiceProvider.php:83)
[stacktrace]
#0 C:\\Users\\Приятный\\Desktop\\project\\unik\\web\\PHP_BAZA\\laravel\\vendor\\laravel\\framework\\src\\Illuminate\\Support\\helpers.php(390): Illuminate\\Encryption\\EncryptionServiceProvider->{closure:Illuminate\\Encryption\\EncryptionServiceProvider::key():81}('')
#1 C:\\Users\\Приятный\\Desktop\\project\\unik\\web\\PHP_BAZA\\laravel\\vendor\\laravel\\framework\\src\\Illuminate\\Encryption\\EncryptionServiceProvider.php(81): tap('', Object(Closure))
#2 C:\\Users\\Приятный\\Desktop\\project\\unik\\web\\PHP_BAZA\\laravel\\vendor\\laravel\\framework\\src\\Illuminate\\Encryption\\EncryptionServiceProvider.php(64): Illuminate\\Encryption\\EncryptionServiceProvider->key(Array)
#3 C:\\Users\\Приятный\\Desktop\\project\\unik\\web\\PHP_BAZA\\laravel\\vendor\\laravel\\framework\\src\\Illuminate\\Encryption\\EncryptionServiceProvider.php(32): Illuminate\\Encryption\\EncryptionServiceProvider->parseKey(Array)
#4 C:\\Users\\Приятный\\Desktop\\project\\unik\\web\\PHP_BAZA\\laravel\\vendor\\laravel\\framework\\src\\Illuminate\\Container\\Container.php(1115): Illuminate\\Encryption\\EncryptionServiceProvider->{closure:Illuminate\\Encryption\\EncryptionServiceProvider::registerEncrypter():29}(Object(Illuminate\\Foundation\\Application), Array)
#5 C:\\Users\\Приятный\\Desktop\\project\\unik\\web\\PHP_BAZA\\laravel\\vendor\\laravel\\framework\\src\\Illuminate\\Container\\Container.php(933): Illuminate\\Container\\Container->build(Object(Closure))
#6 C:\\Users\\Приятный\\Desktop\\project\\unik\\web\\PHP_BAZA\\laravel\\vendor\\laravel\\framework\\src\\Illuminate\\Foundation\\Application.php(1078): Illuminate\\Container\\Container->resolve('encrypter', Array, true)
#7 C:\\Users\\Приятный\\Desktop\\project\\unik\\web\\PHP_BAZA\\laravel\\vendor\\laravel\\framework\\src\\Illuminate\\Container\\Container.php(864): Illuminate\\Foundation\\Application->resolve('encrypter', Array)
#8 C:\\Users\\Приятный\\Desktop\\project\\unik\\web\\PHP_BAZA\\laravel\\vendor\\laravel\\framework\\src\\Illuminate\\Foundation\\Application.php(1058): Illuminate\\Container\\Container->make('encrypter', Array)
#9 C:\\Users\\Приятный\\Desktop\\project\\unik\\web\\PHP_BAZA\\laravel\\vendor\\laravel\\framework\\src\\Illuminate\\Container\\Container.php(1338): Illuminate\\Foundation\\Application->make('encrypter')
#10 C:\\Users\\Приятный\\Desktop\\project\\unik\\web\\PHP_BAZA\\laravel\\vendor\\laravel\\framework\\src\\Illuminate\\Container\\Container.php(1239): Illuminate\\Container\\Container->resolveClass(Object(ReflectionParameter))
#11 C:\\Users\\Приятный\\Desktop\\project\\unik\\web\\PHP_BAZA\\laravel\\vendor\\laravel\\framework\\src\\Illuminate\\Container\\Container.php(1162): Illuminate\\Container\\Container->resolveDependencies(Array)
#12 C:\\Users\\Приятный\\Desktop\\project\\unik\\web\\PHP_BAZA\\laravel\\vendor\\laravel\\framework\\src\\Illuminate\\Container\\Container.php(933): Illuminate\\Container\\Container->build('Illuminate\\\\Cook...')
#13 C:\\Users\\Приятный\\Desktop\\project\\unik\\web\\PHP_BAZA\\laravel\\vendor\\laravel\\framework\\src\\Illuminate\\Foundation\\Application.php(1078): Illuminate\\Container\\Container->resolve('Illuminate\\\\Cook...', Array, true)
#14 C:\\Users\\Приятный\\Desktop\\project\\unik\\web\\PHP_BAZA\\laravel\\vendor\\laravel\\framework\\src\\Illuminate\\Container\\Container.php(864): Illuminate\\Foundation\\Application->resolve('Illuminate\\\\Cook...', Array)
#15 C:\\Users\\Приятный\\Desktop\\project\\unik\\web\\PHP_BAZA\\laravel\\vendor\\laravel\\framework\\src\\Illuminate\\Foundation\\Application.php(1058): Illuminate\\Container\\Container->make('Illuminate\\\\Cook...', Array)
#16 C:\\Users\\Приятный\\Desktop\\project\\unik\\web\\PHP_BAZA\\laravel\\vendor\\laravel\\framework\\src\\Illuminate\\Pipeline\\Pipeline.php(208): Illuminate\\Foundation\\Application->make('Illuminate\\\\Cook...')
#17 C:\\Users\\Приятный\\Desktop\\project\\unik\\web\\PHP_BAZA\\laravel\\vendor\\laravel\\framework\\src\\Illuminate\\Pipeline\\Pipeline.php(137): Illuminate\\Pipeline\\Pipeline->{closure:{closure:Illuminate\\Pipeline\\Pipeline::carry():194}:195}(Object(Illuminate\\Http\\Request))
#18 C:\\Users\\Приятный\\Desktop\\project\\unik\\web\\PHP_BAZA\\laravel\\vendor\\laravel\\framework\\src\\Illuminate\\Routing\\Router.php(821): Illuminate\\Pipeline\\Pipeline->then(Object(Closure))
#19 C:\\Users\\Приятный\\Desktop\\project\\unik\\web\\PHP_BAZA\\laravel\\vendor\\laravel\\framework\\src\\Illuminate\\Routing\\Router.php(800): Illuminate\\Routing\\Router->runRouteWithinStack(Object(Illuminate\\Routing\\Route), Object(Illuminate\\Http\\Request))
#20 C:\\Users\\Приятный\\Desktop\\project\\unik\\web\\PHP_BAZA\\laravel\\vendor\\laravel\\framework\\src\\Illuminate\\Routing\\Router.php(764): Illuminate\\Routing\\Router->runRoute(Object(Illuminate\\Http\\Request), Object(Illuminate\\Routing\\Route))
#21 C:\\Users\\Приятный\\Desktop\\project\\unik\\web\\PHP_BAZA\\laravel\\vendor\\laravel\\framework\\src\\Illuminate\\Routing\\Router.php(753): Illuminate\\Routing\\Router->dispatchToRoute(Object(Illuminate\\Http\\Request))
#22 C:\\Users\\Приятный\\Desktop\\project\\unik\\web\\PHP_BAZA\\laravel\\vendor\\laravel\\framework\\src\\Illuminate\\Foundation\\Http\\Kernel.php(200): Illuminate\\Routing\\Router->dispatch(Object(Illuminate\\Http\\Request))
#23 C:\\Users\\Приятный\\Desktop\\project\\unik\\web\\PHP_BAZA\\laravel\\vendor\\laravel\\framework\\src\\Illuminate\\Pipeline\\Pipeline.php(180): Illuminate\\Foundation\\Http\\Kernel->{closure:Illuminate\\Foundation\\Http\\Kernel::dispatchToRouter():197}(Object(Illuminate\\Http\\Request))
#24 C:\\Users\\Приятный\\Desktop\\project\\unik\\web\\PHP_BAZA\\laravel\\vendor\\laravel\\framework\\src\\Illuminate\\Foundation\\Http\\Middleware\\TransformsRequest.php(21): Illuminate\\Pipeline\\Pipeline->{closure:Illuminate\\Pipeline\\Pipeline::prepareDestination():178}(Object(Illuminate\\Http\\Request))
#25 C:\\Users\\Приятный\\Desktop\\project\\unik\\web\\PHP_BAZA\\laravel\\vendor\\laravel\\framework\\src\\Illuminate\\Foundation\\Http\\Middleware\\ConvertEmptyStringsToNull.php(31): Illuminate\\Foundation\\Http\\Middleware\\TransformsRequest->handle(Object(Illuminate\\Http\\Request), Object(Closure))
#26 C:\\Users\\Приятный\\Desktop\\project\\unik\\web\\PHP_BAZA\\laravel\\vendor\\laravel\\framework\\src\\Illuminate\\Pipeline\\Pipeline.php(219): Illuminate\\Foundation\\Http\\Middleware\\ConvertEmptyStringsToNull->handle(Object(Illuminate\\Http\\Request), Object(Closure))
#27 C:\\Users\\Приятный\\Desktop\\project\\unik\\web\\PHP_BAZA\\laravel\\vendor\\laravel\\framework\\src\\Illuminate\\Foundation\\Http\\Middleware\\TransformsRequest.php(21): Illuminate\\Pipeline\\Pipeline->{closure:{closure:Illuminate\\Pipeline\\Pipeline::carry():194}:195}(Object(Illuminate\\Http\\Request))
#28 C:\\Users\\Приятный\\Desktop\\project\\unik\\web\\PHP_BAZA\\laravel\\vendor\\laravel\\framework\\src\\Illuminate\\Foundation\\Http\\Middleware\\TrimStrings.php(51): Illuminate\\Foundation\\Http\\Middleware\\TransformsRequest->handle(Object(Illuminate\\Http\\Request), Object(Closure))
#29 C:\\Users\\Приятный\\Desktop\\project\\unik\\web\\PHP_BAZA\\laravel\\vendor\\laravel\\framework\\src\\Illuminate\\Pipeline\\Pipeline.php(219): Illuminate\\Foundation\\Http\\Middleware\\TrimStrings->handle(Object(Illuminate\\Http\\Request), Object(Closure))
#30 C:\\Users\\Приятный\\Desktop\\project\\unik\\web\\PHP_BAZA\\laravel\\vendor\\laravel\\framework\\src\\Illuminate\\Http\\Middleware\\ValidatePostSize.php(27): Illuminate\\Pipeline\\Pipeline->{closure:{closure:Illuminate\\Pipeline\\Pipeline::carry():194}:195}(Object(Illuminate\\Http\\Request))
#31 C:\\Users\\Приятный\\Desktop\\project\\unik\\web\\PHP_BAZA\\laravel\\vendor\\laravel\\framework\\src\\Illuminate\\Pipeline\\Pipeline.php(219): Illuminate\\Http\\Middleware\\ValidatePostSize->handle(Object(Illuminate\\Http\\Request), Object(Closure))
#32 C:\\Users\\Приятный\\Desktop\\project\\unik\\web\\PHP_BAZA\\laravel\\vendor\\laravel\\framework\\src\\Illuminate\\Foundation\\Http\\Middleware\\PreventRequestsDuringMaintenance.php(109): Illuminate\\Pipeline\\Pipeline->{closure:{closure:Illuminate\\Pipeline\\Pipeline::carry():194}:195}(Object(Illuminate\\Http\\Request))
#33 C:\\Users\\Приятный\\Desktop\\project\\unik\\web\\PHP_BAZA\\laravel\\vendor\\laravel\\framework\\src\\Illuminate\\Pipeline\\Pipeline.php(219): Illuminate\\Foundation\\Http\\Middleware\\PreventRequestsDuringMaintenance->handle(Object(Illuminate\\Http\\Request), Object(Closure))
#34 C:\\Users\\Приятный\\Desktop\\project\\unik\\web\\PHP_BAZA\\laravel\\vendor\\laravel\\framework\\src\\Illuminate\\Http\\Middleware\\HandleCors.php(48): Illuminate\\Pipeline\\Pipeline->{closure:{closure:Illuminate\\Pipeline\\Pipeline::carry():194}:195}(Object(Illuminate\\Http\\Request))
#35 C:\\Users\\Приятный\\Desktop\\project\\unik\\web\\PHP_BAZA\\laravel\\vendor\\laravel\\framework\\src\\Illuminate\\Pipeline\\Pipeline.php(219): Illuminate\\Http\\Middleware\\HandleCors->handle(Object(Illuminate\\Http\\Request), Object(Closure))
#36 C:\\Users\\Приятный\\Desktop\\project\\unik\\web\\PHP_BAZA\\laravel\\vendor\\laravel\\framework\\src\\Illuminate\\Http\\Middleware\\TrustProxies.php(58): Illuminate\\Pipeline\\Pipeline->{closure:{closure:Illuminate\\Pipeline\\Pipeline::carry():194}:195}(Object(Illuminate\\Http\\Request))
#37 C:\\Users\\Приятный\\Desktop\\project\\unik\\web\\PHP_BAZA\\laravel\\vendor\\laravel\\framework\\src\\Illuminate\\Pipeline\\Pipeline.php(219): Illuminate\\Http\\Middleware\\TrustProxies->handle(Object(Illuminate\\Http\\Request), Object(Closure))
#38 C:\\Users\\Приятный\\Desktop\\project\\unik\\web\\PHP_BAZA\\laravel\\vendor\\laravel\\framework\\src\\Illuminate\\Foundation\\Http\\Middleware\\InvokeDeferredCallbacks.php(22): Illuminate\\Pipeline\\Pipeline->{closure:{closure:Illuminate\\Pipeline\\Pipeline::carry():194}:195}(Object(Illuminate\\Http\\Request))
#39 C:\\Users\\Приятный\\Desktop\\project\\unik\\web\\PHP_BAZA\\laravel\\vendor\\laravel\\framework\\src\\Illuminate\\Pipeline\\Pipeline.php(219): Illuminate\\Foundation\\Http\\Middleware\\InvokeDeferredCallbacks->handle(Object(Illuminate\\Http\\Request), Object(Closure))
#40 C:\\Users\\Приятный\\Desktop\\project\\unik\\web\\PHP_BAZA\\laravel\\vendor\\laravel\\framework\\src\\Illuminate\\Http\\Middleware\\ValidatePathEncoding.php(26): Illuminate\\Pipeline\\Pipeline->{closure:{closure:Illuminate\\Pipeline\\Pipeline::carry():194}:195}(Object(Illuminate\\Http\\Request))
#41 C:\\Users\\Приятный\\Desktop\\project\\unik\\web\\PHP_BAZA\\laravel\\vendor\\laravel\\framework\\src\\Illuminate\\Pipeline\\Pipeline.php(219): Illuminate\\Http\\Middleware\\ValidatePathEncoding->handle(Object(Illuminate\\Http\\Request), Object(Closure))
#42 C:\\Users\\Приятный\\Desktop\\project\\unik\\web\\PHP_BAZA\\laravel\\vendor\\laravel\\framework\\src\\Illuminate\\Pipeline\\Pipeline.php(137): Illuminate\\Pipeline\\Pipeline->{closure:{closure:Illuminate\\Pipeline\\Pipeline::carry():194}:195}(Object(Illuminate\\Http\\Request))
#43 C:\\Users\\Приятный\\Desktop\\project\\unik\\web\\PHP_BAZA\\laravel\\vendor\\laravel\\framework\\src\\Illuminate\\Foundation\\Http\\Kernel.php(175): Illuminate\\Pipeline\\Pipeline->then(Object(Closure))
#44 C:\\Users\\Приятный\\Desktop\\project\\unik\\web\\PHP_BAZA\\laravel\\vendor\\laravel\\framework\\src\\Illuminate\\Foundation\\Http\\Kernel.php(144): Illuminate\\Foundation\\Http\\Kernel->sendRequestThroughRouter(Object(Illuminate\\Http\\Request))
#45 C:\\Users\\Приятный\\Desktop\\project\\unik\\web\\PHP_BAZA\\laravel\\vendor\\laravel\\framework\\src\\Illuminate\\Foundation\\Application.php(1220): Illuminate\\Foundation\\Http\\Kernel->handle(Object(Illuminate\\Http\\Request))
#46 C:\\Users\\Приятный\\Desktop\\project\\unik\\web\\PHP_BAZA\\laravel\\public\\index.php(17): Illuminate\\Foundation\\Application->handleRequest(Object(Illuminate\\Http\\Request))
#47 {main}
"} 
[2025-12-21 05:05:48] laravel.EMERGENCY: Unable to create configured logger. Using emergency logger. {"exception":"[object] (InvalidArgumentException(code: 0): Invalid log level. at C:\\Users\\Приятный\\Desktop\\project\\unik\\web\\PHP_BAZA\\laravel\\vendor\\laravel\\framework\\src\\Illuminate\\Log\\ParsesLogConfiguration.php:49)
[stacktrace]
#0 C:\\Users\\Приятный\\Desktop\\project\\unik\\web\\PHP_BAZA\\laravel\\vendor\\laravel\\framework\\src\\Illuminate\\Log\\LogManager.php(308): Illuminate\\Log\\LogManager->level(Array)
#1 C:\\Users\\Приятный\\Desktop\\project\\unik\\web\\PHP_BAZA\\laravel\\vendor\\laravel\\framework\\src\\Illuminate\\Log\\LogManager.php(232): Illuminate\\Log\\LogManager->createSingleDriver(Array)
#2 C:\\Users\\Приятный\\Desktop\\project\\unik\\web\\PHP_BAZA\\laravel\\vendor\\laravel\\framework\\src\\Illuminate\\Log\\LogManager.php(138): Illuminate\\Log\\LogManager->resolve('single', Array)
#3 C:\\Users\\Приятный\\Desktop\\project\\unik\\web\\PHP_BAZA\\laravel\\vendor\\laravel\\framework\\src\\Illuminate\\Log\\LogManager.php(125): Illuminate\\Log\\LogManager->get('single')
#4 C:\\Users\\Приятный\\Desktop\\project\\unik\\web\\PHP_BAZA\\laravel\\vendor\\laravel\\framework\\src\\Illuminate\\Log\\LogManager.php(703): Illuminate\\Log\\LogManager->driver()
#5 C:\\Users\\Приятный\\Desktop\\project\\unik\\web\\PHP_BAZA\\laravel\\vendor\\laravel\\framework\\src\\Illuminate\\Foundation\\Exceptions\\Handler.php(402): Illuminate\\Log\\LogManager->error('No application ...', Array)
#6 C:\\Users\\Приятный\\Desktop\\project\\unik\\web\\PHP_BAZA\\laravel\\vendor\\laravel\\framework\\src\\Illuminate\\Foundation\\Exceptions\\Handler.php(365): Illuminate\\Foundation\\Exceptions\\Handler->reportThrowable(Object(Illuminate\\Encryption\\MissingAppKeyException))
#7 C:\\Users\\Приятный\\Desktop\\project\\unik\\web\\PHP_BAZA\\laravel\\vendor\\laravel\\framework\\src\\Illuminate\\Foundation\\Bootstrap\\HandleExceptions.php(186): Illuminate\\Foundation\\Exceptions\\Handler->report(Object(Illuminate\\Encryption\\MissingAppKeyException))
#8 C:\\Users\\Приятный\\Desktop\\project\\unik\\web\\PHP_BAZA\\laravel\\vendor\\laravel\\framework\\src\\Illuminate\\Foundation\\Bootstrap\\HandleExceptions.php(258): Illuminate\\Foundation\\Bootstrap\\HandleExceptions->handleException(Object(Illuminate\\Encryption\\MissingAppKeyException))
#9 [internal function]: Illuminate\\Foundation\\Bootstrap\\HandleExceptions->{closure:Illuminate\\Foundation\\Bootstrap\\HandleExceptions::forwardsTo():257}(Object(Illuminate\\Encryption\\MissingAppKeyException))
#10 {main}
"} 
[2025-12-21 05:05:48] laravel.ERROR: No application encryption key has been specified. {"exception":"[object] (Illuminate\\Encryption\\MissingAppKeyException(code: 0): No application encryption key has been specified. at C:\\Users\\Приятный\\Desktop\\project\\unik\\web\\PHP_BAZA\\laravel\\vendor\\laravel\\framework\\src\\Illuminate\\Encryption\\EncryptionServiceProvider.php:83)
[stacktrace]
#0 C:\\Users\\Приятный\\Desktop\\project\\unik\\web\\PHP_BAZA\\laravel\\vendor\\laravel\\framework\\src\\Illuminate\\Support\\helpers.php(390): Illuminate\\Encryption\\EncryptionServiceProvider->{closure:Illuminate\\Encryption\\EncryptionServiceProvider::key():81}('')
#1 C:\\Users\\Приятный\\Desktop\\project\\unik\\web\\PHP_BAZA\\laravel\\vendor\\laravel\\framework\\src\\Illuminate\\Encryption\\EncryptionServiceProvider.php(81): tap('', Object(Closure))
#2 C:\\Users\\Приятный\\Desktop\\project\\unik\\web\\PHP_BAZA\\laravel\\vendor\\laravel\\framework\\src\\Illuminate\\Encryption\\EncryptionServiceProvider.php(64): Illuminate\\Encryption\\EncryptionServiceProvider->key(Array)
#3 C:\\Users\\Приятный\\Desktop\\project\\unik\\web\\PHP_BAZA\\laravel\\vendor\\laravel\\framework\\src\\Illuminate\\Encryption\\EncryptionServiceProvider.php(32): Illuminate\\Encryption\\EncryptionServiceProvider->parseKey(Array)
#4 C:\\Users\\Приятный\\Desktop\\project\\unik\\web\\PHP_BAZA\\laravel\\vendor\\laravel\\framework\\src\\Illuminate\\Container\\Container.php(1115): Illuminate\\Encryption\\EncryptionServiceProvider->{closure:Illuminate\\Encryption\\EncryptionServiceProvider::registerEncrypter():29}(Object(Illuminate\\Foundation\\Application), Array)
#5 C:\\Users\\Приятный\\Desktop\\project\\unik\\web\\PHP_BAZA\\laravel\\vendor\\laravel\\framework\\src\\Illuminate\\Container\\Container.php(933): Illuminate\\Container\\Container->build(Object(Closure))
#6 C:\\Users\\Приятный\\Desktop\\project\\unik\\web\\PHP_BAZA\\laravel\\vendor\\laravel\\framework\\src\\Illuminate\\Foundation\\Application.php(1078): Illuminate\\Container\\Container->resolve('encrypter', Array, true)
#7 C:\\Users\\Приятный\\Desktop\\project\\unik\\web\\PHP_BAZA\\laravel\\vendor\\laravel\\framework\\src\\Illuminate\\Container\\Container.php(864): Illuminate\\Foundation\\Application->resolve('encrypter', Array)
#8 C:\\Users\\Приятный\\Desktop\\project\\unik\\web\\PHP_BAZA\\laravel\\vendor\\laravel\\framework\\src\\Illuminate\\Foundation\\Application.php(1058): Illuminate\\Container\\Container->make('encrypter', Array)
#9 C:\\Users\\Приятный\\Desktop\\project\\unik\\web\\PHP_BAZA\\laravel\\vendor\\laravel\\framework\\src\\Illuminate\\Container\\Container.php(1338): Illuminate\\Foundation\\Application->make('encrypter')
#10 C:\\Users\\Приятный\\Desktop\\project\\unik\\web\\PHP_BAZA\\laravel\\vendor\\laravel\\framework\\src\\Illuminate\\Container\\Container.php(1239): Illuminate\\Container\\Container->resolveClass(Object(ReflectionParameter))
#11 C:\\Users\\Приятный\\Desktop\\project\\unik\\web\\PHP_BAZA\\laravel\\vendor\\laravel\\framework\\src\\Illuminate\\Container\\Container.php(1162): Illuminate\\Container\\Container->resolveDependencies(Array)
#12 C:\\Users\\Приятный\\Desktop\\project\\unik\\web\\PHP_BAZA\\laravel\\vendor\\laravel\\framework\\src\\Illuminate\\Container\\Container.php(933): Illuminate\\Container\\Container->build('Illuminate\\\\Cook...')
#13 C:\\Users\\Приятный\\Desktop\\project\\unik\\web\\PHP_BAZA\\laravel\\vendor\\laravel\\framework\\src\\Illuminate\\Foundation\\Application.php(1078): Illuminate\\Container\\Container->resolve('Illuminate\\\\Cook...', Array, true)
#14 C:\\Users\\Приятный\\Desktop\\project\\unik\\web\\PHP_BAZA\\laravel\\vendor\\laravel\\framework\\src\\Illuminate\\Container\\Container.php(864): Illuminate\\Foundation\\Application->resolve('Illuminate\\\\Cook...', Array)
#15 C:\\Users\\Приятный\\Desktop\\project\\unik\\web\\PHP_BAZA\\laravel\\vendor\\laravel\\framework\\src\\Illuminate\\Foundation\\Application.php(1058): Illuminate\\Container\\Container->make('Illuminate\\\\Cook...', Array)
#16 C:\\Users\\Приятный\\Desktop\\project\\unik\\web\\PHP_BAZA\\laravel\\vendor\\laravel\\framework\\src\\Illuminate\\Foundation\\Http\\Kernel.php(257): Illuminate\\Foundation\\Application->make('Illuminate\\\\Cook...')
#17 C:\\Users\\Приятный\\Desktop\\project\\unik\\web\\PHP_BAZA\\laravel\\vendor\\laravel\\framework\\src\\Illuminate\\Foundation\\Http\\Kernel.php(215): Illuminate\\Foundation\\Http\\Kernel->terminateMiddleware(Object(Illuminate\\Http\\Request), Object(Illuminate\\Http\\Response))
#18 C:\\Users\\Приятный\\Desktop\\project\\unik\\web\\PHP_BAZA\\laravel\\vendor\\laravel\\framework\\src\\Illuminate\\Foundation\\Application.php(1222): Illuminate\\Foundation\\Http\\Kernel->terminate(Object(Illuminate\\Http\\Request), Object(Illuminate\\Http\\Response))
#19 C:\\Users\\Приятный\\Desktop\\project\\unik\\web\\PHP_BAZA\\laravel\\public\\index.php(17): Illuminate\\Foundation\\Application->handleRequest(Object(Illuminate\\Http\\Request))
#20 {main}
"} 
[2025-12-21 05:05:49] laravel.EMERGENCY: Unable to create configured logger. Using emergency logger. {"exception":"[object] (InvalidArgumentException(code: 0): Invalid log level. at C:\\Users\\Приятный\\Desktop\\project\\unik\\web\\PHP_BAZA\\laravel\\vendor\\laravel\\framework\\src\\Illuminate\\Log\\ParsesLogConfiguration.php:49)
[stacktrace]
#0 C:\\Users\\Приятный\\Desktop\\project\\unik\\web\\PHP_BAZA\\laravel\\vendor\\laravel\\framework\\src\\Illuminate\\Log\\LogManager.php(308): Illuminate\\Log\\LogManager->level(Array)
#1 C:\\Users\\Приятный\\Desktop\\project\\unik\\web\\PHP_BAZA\\laravel\\vendor\\laravel\\framework\\src\\Illuminate\\Log\\LogManager.php(232): Illuminate\\Log\\LogManager->createSingleDriver(Array)
#2 C:\\Users\\Приятный\\Desktop\\project\\unik\\web\\PHP_BAZA\\laravel\\vendor\\laravel\\framework\\src\\Illuminate\\Log\\LogManager.php(138): Illuminate\\Log\\LogManager->resolve('single', Array)
#3 C:\\Users\\Приятный\\Desktop\\project\\unik\\web\\PHP_BAZA\\laravel\\vendor\\laravel\\framework\\src\\Illuminate\\Log\\LogManager.php(125): Illuminate\\Log\\LogManager->get('single')
#4 C:\\Users\\Приятный\\Desktop\\project\\unik\\web\\PHP_BAZA\\laravel\\vendor\\laravel\\framework\\src\\Illuminate\\Log\\LogManager.php(703): Illuminate\\Log\\LogManager->driver()
#5 C:\\Users\\Приятный\\Desktop\\project\\unik\\web\\PHP_BAZA\\laravel\\vendor\\laravel\\framework\\src\\Illuminate\\Foundation\\Exceptions\\Handler.php(402): Illuminate\\Log\\LogManager->error('No application ...', Array)
#6 C:\\Users\\Приятный\\Desktop\\project\\unik\\web\\PHP_BAZA\\laravel\\vendor\\laravel\\framework\\src\\Illuminate\\Foundation\\Exceptions\\Handler.php(365): Illuminate\\Foundation\\Exceptions\\Handler->reportThrowable(Object(Illuminate\\Encryption\\MissingAppKeyException))
#7 C:\\Users\\Приятный\\Desktop\\project\\unik\\web\\PHP_BAZA\\laravel\\vendor\\laravel\\framework\\src\\Illuminate\\Foundation\\Bootstrap\\HandleExceptions.php(186): Illuminate\\Foundation\\Exceptions\\Handler->report(Object(Illuminate\\Encryption\\MissingAppKeyException))
#8 C:\\Users\\Приятный\\Desktop\\project\\unik\\web\\PHP_BAZA\\laravel\\vendor\\laravel\\framework\\src\\Illuminate\\Foundation\\Bootstrap\\HandleExceptions.php(258): Illuminate\\Foundation\\Bootstrap\\HandleExceptions->handleException(Object(Illuminate\\Encryption\\MissingAppKeyException))
#9 [internal function]: Illuminate\\Foundation\\Bootstrap\\HandleExceptions->{closure:Illuminate\\Foundation\\Bootstrap\\HandleExceptions::forwardsTo():257}(Object(Illuminate\\Encryption\\MissingAppKeyException))
#10 {main}
"} 
[2025-12-21 05:05:49] laravel.ERROR: No application encryption key has been specified. {"exception":"[object] (Illuminate\\Encryption\\MissingAppKeyException(code: 0): No application encryption key has been specified. at C:\\Users\\Приятный\\Desktop\\project\\unik\\web\\PHP_BAZA\\laravel\\vendor\\laravel\\framework\\src\\Illuminate\\Encryption\\EncryptionServiceProvider.php:83)
[stacktrace]
#0 C:\\Users\\Приятный\\Desktop\\project\\unik\\web\\PHP_BAZA\\laravel\\vendor\\laravel\\framework\\src\\Illuminate\\Support\\helpers.php(390): Illuminate\\Encryption\\EncryptionServiceProvider->{closure:Illuminate\\Encryption\\EncryptionServiceProvider::key():81}('')
#1 C:\\Users\\Приятный\\Desktop\\project\\unik\\web\\PHP_BAZA\\laravel\\vendor\\laravel\\framework\\src\\Illuminate\\Encryption\\EncryptionServiceProvider.php(81): tap('', Object(Closure))
#2 C:\\Users\\Приятный\\Desktop\\project\\unik\\web\\PHP_BAZA\\laravel\\vendor\\laravel\\framework\\src\\Illuminate\\Encryption\\EncryptionServiceProvider.php(64): Illuminate\\Encryption\\EncryptionServiceProvider->key(Array)
#3 C:\\Users\\Приятный\\Desktop\\project\\unik\\web\\PHP_BAZA\\laravel\\vendor\\laravel\\framework\\src\\Illuminate\\Encryption\\EncryptionServiceProvider.php(32): Illuminate\\Encryption\\EncryptionServiceProvider->parseKey(Array)
#4 C:\\Users\\Приятный\\Desktop\\project\\unik\\web\\PHP_BAZA\\laravel\\vendor\\laravel\\framework\\src\\Illuminate\\Container\\Container.php(1115): Illuminate\\Encryption\\EncryptionServiceProvider->{closure:Illuminate\\Encryption\\EncryptionServiceProvider::registerEncrypter():29}(Object(Illuminate\\Foundation\\Application), Array)
#5 C:\\Users\\Приятный\\Desktop\\project\\unik\\web\\PHP_BAZA\\laravel\\vendor\\laravel\\framework\\src\\Illuminate\\Container\\Container.php(933): Illuminate\\Container\\Container->build(Object(Closure))
#6 C:\\Users\\Приятный\\Desktop\\project\\unik\\web\\PHP_BAZA\\laravel\\vendor\\laravel\\framework\\src\\Illuminate\\Foundation\\Application.php(1078): Illuminate\\Container\\Container->resolve('encrypter', Array, true)
#7 C:\\Users\\Приятный\\Desktop\\project\\unik\\web\\PHP_BAZA\\laravel\\vendor\\laravel\\framework\\src\\Illuminate\\Container\\Container.php(864): Illuminate\\Foundation\\Application->resolve('encrypter', Array)
#8 C:\\Users\\Приятный\\Desktop\\project\\unik\\web\\PHP_BAZA\\laravel\\vendor\\laravel\\framework\\src\\Illuminate\\Foundation\\Application.php(1058): Illuminate\\Container\\Container->make('encrypter', Array)
#9 C:\\Users\\Приятный\\Desktop\\project\\unik\\web\\PHP_BAZA\\laravel\\vendor\\laravel\\framework\\src\\Illuminate\\Container\\Container.php(1338): Illuminate\\Foundation\\Application->make('encrypter')
#10 C:\\Users\\Приятный\\Desktop\\project\\unik\\web\\PHP_BAZA\\laravel\\vendor\\laravel\\framework\\src\\Illuminate\\Container\\Container.php(1239): Illuminate\\Container\\Container->resolveClass(Object(ReflectionParameter))
#11 C:\\Users\\Приятный\\Desktop\\project\\unik\\web\\PHP_BAZA\\laravel\\vendor\\laravel\\framework\\src\\Illuminate\\Container\\Container.php(1162): Illuminate\\Container\\Container->resolveDependencies(Array)
#12 C:\\Users\\Приятный\\Desktop\\project\\unik\\web\\PHP_BAZA\\laravel\\vendor\\laravel\\framework\\src\\Illuminate\\Container\\Container.php(933): Illuminate\\Container\\Container->build('Illuminate\\\\Cook...')
#13 C:\\Users\\Приятный\\Desktop\\project\\unik\\web\\PHP_BAZA\\laravel\\vendor\\laravel\\framework\\src\\Illuminate\\Foundation\\Application.php(1078): Illuminate\\Container\\Container->resolve('Illuminate\\\\Cook...', Array, true)
#14 C:\\Users\\Приятный\\Desktop\\project\\unik\\web\\PHP_BAZA\\laravel\\vendor\\laravel\\framework\\src\\Illuminate\\Container\\Container.php(864): Illuminate\\Foundation\\Application->resolve('Illuminate\\\\Cook...', Array)
#15 C:\\Users\\Приятный\\Desktop\\project\\unik\\web\\PHP_BAZA\\laravel\\vendor\\laravel\\framework\\src\\Illuminate\\Foundation\\Application.php(1058): Illuminate\\Container\\Container->make('Illuminate\\\\Cook...', Array)
#16 C:\\Users\\Приятный\\Desktop\\project\\unik\\web\\PHP_BAZA\\laravel\\vendor\\laravel\\framework\\src\\Illuminate\\Foundation\\Http\\Kernel.php(257): Illuminate\\Foundation\\Application->make('Illuminate\\\\Cook...')
#17 C:\\Users\\Приятный\\Desktop\\project\\unik\\web\\PHP_BAZA\\laravel\\vendor\\laravel\\framework\\src\\Illuminate\\Foundation\\Http\\Kernel.php(215): Illuminate\\Foundation\\Http\\Kernel->terminateMiddleware(Object(Illuminate\\Http\\Request), Object(Illuminate\\Http\\Response))
#18 C:\\Users\\Приятный\\Desktop\\project\\unik\\web\\PHP_BAZA\\laravel\\vendor\\laravel\\framework\\src\\Illuminate\\Foundation\\Application.php(1222): Illuminate\\Foundation\\Http\\Kernel->terminate(Object(Illuminate\\Http\\Request), Object(Illuminate\\Http\\Response))
#19 C:\\Users\\Приятный\\Desktop\\project\\unik\\web\\PHP_BAZA\\laravel\\public\\index.php(17): Illuminate\\Foundation\\Application->handleRequest(Object(Illuminate\\Http\\Request))
#20 {main}
"} 
